id,project_id,type,geometry_ref,classification_json,properties_json
aec://project/AEC-2026-000001/wall/30c54068-cc3d-5f68-93e8-6bb48846b043,AEC-2026-000001,Wall,aec://artifact/AEC-ART-52D0FADF2D9CA451/geometry/A01,"{""confidence"": 0.91, ""evidence"": [""layer/name indicates wall: wall"", ""entity_type=LWPOLYLINE"", ""layer=A-WALL""], ""label"": ""Wall"", ""method"": ""hybrid_rules"", ""state"": ""ACCEPT_WITH_WARNING""}","{""cad_entity_type"": ""LWPOLYLINE"", ""color"": 256, ""layer"": ""A-WALL"", ""linetype"": ""BYLAYER"", ""lineweight"": -1, ""thickness"": 0, ""vertex_count"": 4}"
aec://project/AEC-2026-000001/wall/16004764-a31d-5f82-97ad-a85a505bca27,AEC-2026-000001,Wall,aec://artifact/AEC-ART-52D0FADF2D9CA451/geometry/A02,"{""confidence"": 0.91, ""evidence"": [""layer/name indicates wall: wall"", ""entity_type=LWPOLYLINE"", ""layer=A-WALL""], ""label"": ""Wall"", ""method"": ""hybrid_rules"", ""state"": ""ACCEPT_WITH_WARNING""}","{""cad_entity_type"": ""LWPOLYLINE"", ""color"": 256, ""layer"": ""A-WALL"", ""linetype"": ""BYLAYER"", ""lineweight"": -1, ""thickness"": 0, ""vertex_count"": 4}"
aec://project/AEC-2026-000001/door/fed4a32a-0a12-5783-b88c-4ed5915ba1d9,AEC-2026-000001,Door,aec://artifact/AEC-ART-52D0FADF2D9CA451/geometry/A03,"{""confidence"": 0.9, ""evidence"": [""layer/name indicates door: door"", ""entity_type=LINE"", ""layer=A-DOOR""], ""label"": ""Door"", ""method"": ""hybrid_rules"", ""state"": ""ACCEPT_WITH_WARNING""}","{""cad_entity_type"": ""LINE"", ""color"": 256, ""layer"": ""A-DOOR"", ""linetype"": ""BYLAYER"", ""lineweight"": -1, ""thickness"": 0}"
aec://project/AEC-2026-000001/door/c3a9586d-619b-5d6d-9cf6-ca3558af48df,AEC-2026-000001,Door,aec://artifact/AEC-ART-52D0FADF2D9CA451/geometry/A04,"{""confidence"": 0.9, ""evidence"": [""layer/name indicates door: door"", ""entity_type=ARC"", ""layer=A-DOOR""], ""label"": ""Door"", ""method"": ""hybrid_rules"", ""state"": ""ACCEPT_WITH_WARNING""}","{""cad_entity_type"": ""ARC"", ""color"": 256, ""layer"": ""A-DOOR"", ""linetype"": ""BYLAYER"", ""lineweight"": -1, ""thickness"": 0}"
aec://project/AEC-2026-000001/window/93c30356-02e1-5e00-b38a-c79822c9db0d,AEC-2026-000001,Window,aec://artifact/AEC-ART-52D0FADF2D9CA451/geometry/A07,"{""confidence"": 0.9, ""evidence"": [""layer/name indicates window: window"", ""entity_type=LINE"", ""layer=A-WINDOW""], ""label"": ""Window"", ""method"": ""hybrid_rules"", ""state"": ""ACCEPT_WITH_WARNING""}","{""cad_entity_type"": ""LINE"", ""color"": 256, ""layer"": ""A-WINDOW"", ""linetype"": ""BYLAYER"", ""lineweight"": -1, ""thickness"": 0}"
aec://project/AEC-2026-000001/column/305a2b2b-eb71-57fc-9134-7808258d14fd,AEC-2026-000001,Column,aec://artifact/AEC-ART-52D0FADF2D9CA451/geometry/A05,"{""confidence"": 0.88, ""evidence"": [""layer/name indicates column: col"", ""entity_type=CIRCLE"", ""layer=A-COLS""], ""label"": ""Column"", ""method"": ""hybrid_rules"", ""state"": ""ACCEPT_WITH_WARNING""}","{""cad_entity_type"": ""CIRCLE"", ""color"": 256, ""layer"": ""A-COLS"", ""linetype"": ""BYLAYER"", ""lineweight"": -1, ""thickness"": 0}"
aec://project/AEC-2026-000001/annotation/ec1d947e-5dfc-5ca7-aa26-e37dc6795e93,AEC-2026-000001,Annotation,aec://artifact/AEC-ART-52D0FADF2D9CA451/geometry/A06,"{""confidence"": 0.78, ""evidence"": [""entity_type=text"", ""layer=0""], ""label"": ""Annotation"", ""method"": ""entity_type_rule"", ""state"": ""ACCEPT_WITH_WARNING""}","{""cad_entity_type"": ""TEXT"", ""color"": 256, ""height"": 250.0, ""layer"": ""0"", ""linetype"": ""BYLAYER"", ""lineweight"": -1, ""rotation"": 0.0, ""text"": ""LIVING ROOM"", ""thickness"": 0}"
aec://project/AEC-2026-000003/wall/aabf6ccd-ed3d-56ed-bbe3-5af0f92f5f9c,AEC-2026-000003,Wall,aec://artifact/AEC-ART-AEC-2026-000003-CAD-DXF-52D0FADF2D9CA451/geometry/A01,"{""confidence"": 0.91, ""evidence"": [""layer/name indicates wall: wall"", ""entity_type=LWPOLYLINE"", ""layer=A-WALL""], ""label"": ""Wall"", ""method"": ""hybrid_rules"", ""state"": ""ACCEPT_WITH_WARNING""}","{""cad_entity_type"": ""LWPOLYLINE"", ""color"": 256, ""layer"": ""A-WALL"", ""linetype"": ""BYLAYER"", ""lineweight"": -1, ""thickness"": 0, ""vertex_count"": 4}"
aec://project/AEC-2026-000003/wall/e4f1e3c3-8ecb-5b70-a8fb-366fa15ffe42,AEC-2026-000003,Wall,aec://artifact/AEC-ART-AEC-2026-000003-CAD-DXF-52D0FADF2D9CA451/geometry/A02,"{""confidence"": 0.91, ""evidence"": [""layer/name indicates wall: wall"", ""entity_type=LWPOLYLINE"", ""layer=A-WALL""], ""label"": ""Wall"", ""method"": ""hybrid_rules"", ""state"": ""ACCEPT_WITH_WARNING""}","{""cad_entity_type"": ""LWPOLYLINE"", ""color"": 256, ""layer"": ""A-WALL"", ""linetype"": ""BYLAYER"", ""lineweight"": -1, ""thickness"": 0, ""vertex_count"": 4}"
aec://project/AEC-2026-000003/door/39949afc-ea7e-5303-99e9-33dc0597437b,AEC-2026-000003,Door,aec://artifact/AEC-ART-AEC-2026-000003-CAD-DXF-52D0FADF2D9CA451/geometry/A03,"{""confidence"": 0.9, ""evidence"": [""layer/name indicates door: door"", ""entity_type=LINE"", ""layer=A-DOOR""], ""label"": ""Door"", ""method"": ""hybrid_rules"", ""state"": ""ACCEPT_WITH_WARNING""}","{""cad_entity_type"": ""LINE"", ""color"": 256, ""layer"": ""A-DOOR"", ""linetype"": ""BYLAYER"", ""lineweight"": -1, ""thickness"": 0}"
aec://project/AEC-2026-000003/door/3913f83d-514c-5615-af47-be10b266c67b,AEC-2026-000003,Door,aec://artifact/AEC-ART-AEC-2026-000003-CAD-DXF-52D0FADF2D9CA451/geometry/A04,"{""confidence"": 0.9, ""evidence"": [""layer/name indicates door: door"", ""entity_type=ARC"", ""layer=A-DOOR""], ""label"": ""Door"", ""method"": ""hybrid_rules"", ""state"": ""ACCEPT_WITH_WARNING""}","{""cad_entity_type"": ""ARC"", ""color"": 256, ""layer"": ""A-DOOR"", ""linetype"": ""BYLAYER"", ""lineweight"": -1, ""thickness"": 0}"
aec://project/AEC-2026-000003/window/7e4a6170-eab8-5be9-ad4e-a644e85624a2,AEC-2026-000003,Window,aec://artifact/AEC-ART-AEC-2026-000003-CAD-DXF-52D0FADF2D9CA451/geometry/A07,"{""confidence"": 0.9, ""evidence"": [""layer/name indicates window: window"", ""entity_type=LINE"", ""layer=A-WINDOW""], ""label"": ""Window"", ""method"": ""hybrid_rules"", ""state"": ""ACCEPT_WITH_WARNING""}","{""cad_entity_type"": ""LINE"", ""color"": 256, ""layer"": ""A-WINDOW"", ""linetype"": ""BYLAYER"", ""lineweight"": -1, ""thickness"": 0}"
aec://project/AEC-2026-000003/column/48266e42-8fba-5fda-9747-87bec8b3dd52,AEC-2026-000003,Column,aec://artifact/AEC-ART-AEC-2026-000003-CAD-DXF-52D0FADF2D9CA451/geometry/A05,"{""confidence"": 0.88, ""evidence"": [""layer/name indicates column: col"", ""entity_type=CIRCLE"", ""layer=A-COLS""], ""label"": ""Column"", ""method"": ""hybrid_rules"", ""state"": ""ACCEPT_WITH_WARNING""}","{""cad_entity_type"": ""CIRCLE"", ""color"": 256, ""layer"": ""A-COLS"", ""linetype"": ""BYLAYER"", ""lineweight"": -1, ""thickness"": 0}"
aec://project/AEC-2026-000003/annotation/21c67a09-aa5d-5aac-bbe2-95d91e247d90,AEC-2026-000003,Annotation,aec://artifact/AEC-ART-AEC-2026-000003-CAD-DXF-52D0FADF2D9CA451/geometry/A06,"{""confidence"": 0.78, ""evidence"": [""entity_type=text"", ""layer=0""], ""label"": ""Annotation"", ""method"": ""entity_type_rule"", ""state"": ""ACCEPT_WITH_WARNING""}","{""cad_entity_type"": ""TEXT"", ""color"": 256, ""height"": 250.0, ""layer"": ""0"", ""linetype"": ""BYLAYER"", ""lineweight"": -1, ""rotation"": 0.0, ""text"": ""LIVING ROOM"", ""thickness"": 0}"
aec://project/AEC-2026-000004/wall/61620099-54d0-54ae-ac81-a1faec83c98a,AEC-2026-000004,Wall,aec://artifact/AEC-ART-AEC-2026-000004-CAD-DXF-E482F08AE6C23439/geometry/22,"{""confidence"": 0.91, ""evidence"": [""layer/name indicates wall: wall"", ""entity_type=LINE"", ""layer=WALLS""], ""label"": ""Wall"", ""method"": ""hybrid_rules"", ""state"": ""ACCEPT_WITH_WARNING""}","{""cad_entity_type"": ""LINE"", ""color"": 256, ""layer"": ""WALLS"", ""linetype"": ""BYLAYER"", ""lineweight"": -1, ""thickness"": 0}"
aec://project/AEC-2026-000004/wall/40286efd-4f98-508d-8f25-f63885cb62f2,AEC-2026-000004,Wall,aec://artifact/AEC-ART-AEC-2026-000004-CAD-DXF-E482F08AE6C23439/geometry/23,"{""confidence"": 0.91, ""evidence"": [""layer/name indicates wall: wall"", ""entity_type=LINE"", ""layer=WALLS""], ""label"": ""Wall"", ""method"": ""hybrid_rules"", ""state"": ""ACCEPT_WITH_WARNING""}","{""cad_entity_type"": ""LINE"", ""color"": 256, ""layer"": ""WALLS"", ""linetype"": ""BYLAYER"", ""lineweight"": -1, ""thickness"": 0}"
aec://project/AEC-2026-000004/wall/78d46183-c6fc-5814-a827-a3eda0bea8db,AEC-2026-000004,Wall,aec://artifact/AEC-ART-AEC-2026-000004-CAD-DXF-E482F08AE6C23439/geometry/24,"{""confidence"": 0.91, ""evidence"": [""layer/name indicates wall: wall"", ""entity_type=LINE"", ""layer=WALLS""], ""label"": ""Wall"", ""method"": ""hybrid_rules"", ""state"": ""ACCEPT_WITH_WARNING""}","{""cad_entity_type"": ""LINE"", ""color"": 256, ""layer"": ""WALLS"", ""linetype"": ""BYLAYER"", ""lineweight"": -1, ""thickness"": 0}"
aec://project/AEC-2026-000004/wall/22170307-df72-5c26-bf68-46cb6b18b024,AEC-2026-000004,Wall,aec://artifact/AEC-ART-AEC-2026-000004-CAD-DXF-E482F08AE6C23439/geometry/25,"{""confidence"": 0.91, ""evidence"": [""layer/name indicates wall: wall"", ""entity_type=LINE"", ""layer=WALLS""], ""label"": ""Wall"", ""method"": ""hybrid_rules"", ""state"": ""ACCEPT_WITH_WARNING""}","{""cad_entity_type"": ""LINE"", ""color"": 256, ""layer"": ""WALLS"", ""linetype"": ""BYLAYER"", ""lineweight"": -1, ""thickness"": 0}"
aec://project/AEC-2026-000004/wall/cfbe9faa-cb7b-5317-9414-cdb4c6751f0f,AEC-2026-000004,Wall,aec://artifact/AEC-ART-AEC-2026-000004-CAD-DXF-E482F08AE6C23439/geometry/26,"{""confidence"": 0.91, ""evidence"": [""layer/name indicates wall: wall"", ""entity_type=LINE"", ""layer=WALLS""], ""label"": ""Wall"", ""method"": ""hybrid_rules"", ""state"": ""ACCEPT_WITH_WARNING""}","{""cad_entity_type"": ""LINE"", ""color"": 256, ""layer"": ""WALLS"", ""linetype"": ""BYLAYER"", ""lineweight"": -1, ""thickness"": 0}"
aec://project/AEC-2026-000004/wall/c2233ff0-b090-5152-940c-715be4754095,AEC-2026-000004,Wall,aec://artifact/AEC-ART-AEC-2026-000004-CAD-DXF-E482F08AE6C23439/geometry/27,"{""confidence"": 0.91, ""evidence"": [""layer/name indicates wall: wall"", ""entity_type=LINE"", ""layer=WALLS""], ""label"": ""Wall"", ""method"": ""hybrid_rules"", ""state"": ""ACCEPT_WITH_WARNING""}","{""cad_entity_type"": ""LINE"", ""color"": 256, ""layer"": ""WALLS"", ""linetype"": ""BYLAYER"", ""lineweight"": -1, ""thickness"": 0}"
aec://project/AEC-2026-000004/wall/2a792b6a-f4f5-5b9e-9016-62d5e5dac2e0,AEC-2026-000004,Wall,aec://artifact/AEC-ART-AEC-2026-000004-CAD-DXF-E482F08AE6C23439/geometry/28,"{""confidence"": 0.91, ""evidence"": [""layer/name indicates wall: wall"", ""entity_type=LINE"", ""layer=WALLS""], ""label"": ""Wall"", ""method"": ""hybrid_rules"", ""state"": ""ACCEPT_WITH_WARNING""}","{""cad_entity_type"": ""LINE"", ""color"": 256, ""layer"": ""WALLS"", ""linetype"": ""BYLAYER"", ""lineweight"": -1, ""thickness"": 0}"
aec://project/AEC-2026-000004/wall/cc920bb3-b4df-5b4c-b2d8-88b5d008798a,AEC-2026-000004,Wall,aec://artifact/AEC-ART-AEC-2026-000004-CAD-DXF-E482F08AE6C23439/geometry/29,"{""confidence"": 0.91, ""evidence"": [""layer/name indicates wall: wall"", ""entity_type=LINE"", ""layer=WALLS""], ""label"": ""Wall"", ""method"": ""hybrid_rules"", ""state"": ""ACCEPT_WITH_WARNING""}","{""cad_entity_type"": ""LINE"", ""color"": 256, ""layer"": ""WALLS"", ""linetype"": ""BYLAYER"", ""lineweight"": -1, ""thickness"": 0}"
aec://project/AEC-2026-000004/wall/aee944fc-044e-53d3-a9dd-ce229613d56f,AEC-2026-000004,Wall,aec://artifact/AEC-ART-AEC-2026-000004-CAD-DXF-E482F08AE6C23439/geometry/2A,"{""confidence"": 0.91, ""evidence"": [""layer/name indicates wall: wall"", ""entity_type=LINE"", ""layer=WALLS""], ""label"": ""Wall"", ""method"": ""hybrid_rules"", ""state"": ""ACCEPT_WITH_WARNING""}","{""cad_entity_type"": ""LINE"", ""color"": 256, ""layer"": ""WALLS"", ""linetype"": ""BYLAYER"", ""lineweight"": -1, ""thickness"": 0}"
aec://project/AEC-2026-000004/wall/0daff720-db31-5019-8e7d-01c29d817a2a,AEC-2026-000004,Wall,aec://artifact/AEC-ART-AEC-2026-000004-CAD-DXF-E482F08AE6C23439/geometry/2B,"{""confidence"": 0.91, ""evidence"": [""layer/name indicates wall: wall"", ""entity_type=LINE"", ""layer=WALLS""], ""label"": ""Wall"", ""method"": ""hybrid_rules"", ""state"": ""ACCEPT_WITH_WARNING""}","{""cad_entity_type"": ""LINE"", ""color"": 256, ""layer"": ""WALLS"", ""linetype"": ""BYLAYER"", ""lineweight"": -1, ""thickness"": 0}"
aec://project/AEC-2026-000004/wall/93482c79-547f-51ca-b162-3d3955128297,AEC-2026-000004,Wall,aec://artifact/AEC-ART-AEC-2026-000004-CAD-DXF-E482F08AE6C23439/geometry/2C,"{""confidence"": 0.91, ""evidence"": [""layer/name indicates wall: wall"", ""entity_type=LINE"", ""layer=WALLS""], ""label"": ""Wall"", ""method"": ""hybrid_rules"", ""state"": ""ACCEPT_WITH_WARNING""}","{""cad_entity_type"": ""LINE"", ""color"": 256, ""layer"": ""WALLS"", ""linetype"": ""BYLAYER"", ""lineweight"": -1, ""thickness"": 0}"
aec://project/AEC-2026-000004/wall/54488f6f-42bf-5adb-9914-b98bc2d0b393,AEC-2026-000004,Wall,aec://artifact/AEC-ART-AEC-2026-000004-CAD-DXF-E482F08AE6C23439/geometry/2D,"{""confidence"": 0.91, ""evidence"": [""layer/name indicates wall: wall"", ""entity_type=LINE"", ""layer=WALLS""], ""label"": ""Wall"", ""method"": ""hybrid_rules"", ""state"": ""ACCEPT_WITH_WARNING""}","{""cad_entity_type"": ""LINE"", ""color"": 256, ""layer"": ""WALLS"", ""linetype"": ""BYLAYER"", ""lineweight"": -1, ""thickness"": 0}"
aec://project/AEC-2026-000004/wall/4f3537c0-8c07-5a04-b7b7-a6b77696a36f,AEC-2026-000004,Wall,aec://artifact/AEC-ART-AEC-2026-000004-CAD-DXF-E482F08AE6C23439/geometry/2E,"{""confidence"": 0.91, ""evidence"": [""layer/name indicates wall: wall"", ""entity_type=LINE"", ""layer=WALLS""], ""label"": ""Wall"", ""method"": ""hybrid_rules"", ""state"": ""ACCEPT_WITH_WARNING""}","{""cad_entity_type"": ""LINE"", ""color"": 256, ""layer"": ""WALLS"", ""linetype"": ""BYLAYER"", ""lineweight"": -1, ""thickness"": 0}"
aec://project/AEC-2026-000004/wall/54bed396-2a92-5e8b-977c-ec318cb4f222,AEC-2026-000004,Wall,aec://artifact/AEC-ART-AEC-2026-000004-CAD-DXF-E482F08AE6C23439/geometry/2F,"{""confidence"": 0.91, ""evidence"": [""layer/name indicates wall: wall"", ""entity_type=LINE"", ""layer=WALLS""], ""label"": ""Wall"", ""method"": ""hybrid_rules"", ""state"": ""ACCEPT_WITH_WARNING""}","{""cad_entity_type"": ""LINE"", ""color"": 256, ""layer"": ""WALLS"", ""linetype"": ""BYLAYER"", ""lineweight"": -1, ""thickness"": 0}"
aec://project/AEC-2026-000004/wall/6861b0ab-92d8-5e33-91f1-ddd441d7aab6,AEC-2026-000004,Wall,aec://artifact/AEC-ART-AEC-2026-000004-CAD-DXF-E482F08AE6C23439/geometry/30,"{""confidence"": 0.91, ""evidence"": [""layer/name indicates wall: wall"", ""entity_type=LINE"", ""layer=WALLS""], ""label"": ""Wall"", ""method"": ""hybrid_rules"", ""state"": ""ACCEPT_WITH_WARNING""}","{""cad_entity_type"": ""LINE"", ""color"": 256, ""layer"": ""WALLS"", ""linetype"": ""BYLAYER"", ""lineweight"": -1, ""thickness"": 0}"
aec://project/AEC-2026-000004/wall/98cca1a0-59d5-5178-b17f-dfa288eed7f2,AEC-2026-000004,Wall,aec://artifact/AEC-ART-AEC-2026-000004-CAD-DXF-E482F08AE6C23439/geometry/31,"{""confidence"": 0.91, ""evidence"": [""layer/name indicates wall: wall"", ""entity_type=LINE"", ""layer=WALLS""], ""label"": ""Wall"", ""method"": ""hybrid_rules"", ""state"": ""ACCEPT_WITH_WARNING""}","{""cad_entity_type"": ""LINE"", ""color"": 256, ""layer"": ""WALLS"", ""linetype"": ""BYLAYER"", ""lineweight"": -1, ""thickness"": 0}"
aec://project/AEC-2026-000004/wall/0e5826e5-be60-5607-8590-dda89b1684c5,AEC-2026-000004,Wall,aec://artifact/AEC-ART-AEC-2026-000004-CAD-DXF-E482F08AE6C23439/geometry/32,"{""confidence"": 0.91, ""evidence"": [""layer/name indicates wall: wall"", ""entity_type=LINE"", ""layer=WALLS""], ""label"": ""Wall"", ""method"": ""hybrid_rules"", ""state"": ""ACCEPT_WITH_WARNING""}","{""cad_entity_type"": ""LINE"", ""color"": 256, ""layer"": ""WALLS"", ""linetype"": ""BYLAYER"", ""lineweight"": -1, ""thickness"": 0}"
aec://project/AEC-2026-000004/wall/52567ef5-4248-53ec-9394-2f1ac89a5589,AEC-2026-000004,Wall,aec://artifact/AEC-ART-AEC-2026-000004-CAD-DXF-E482F08AE6C23439/geometry/33,"{""confidence"": 0.91, ""evidence"": [""layer/name indicates wall: wall"", ""entity_type=LINE"", ""layer=WALLS""], ""label"": ""Wall"", ""method"": ""hybrid_rules"", ""state"": ""ACCEPT_WITH_WARNING""}","{""cad_entity_type"": ""LINE"", ""color"": 256, ""layer"": ""WALLS"", ""linetype"": ""BYLAYER"", ""lineweight"": -1, ""thickness"": 0}"
aec://project/AEC-2026-000004/wall/6ab8b703-5e01-58af-9898-7ae2283b7abb,AEC-2026-000004,Wall,aec://artifact/AEC-ART-AEC-2026-000004-CAD-DXF-E482F08AE6C23439/geometry/34,"{""confidence"": 0.91, ""evidence"": [""layer/name indicates wall: wall"", ""entity_type=LINE"", ""layer=WALLS""], ""label"": ""Wall"", ""method"": ""hybrid_rules"", ""state"": ""ACCEPT_WITH_WARNING""}","{""cad_entity_type"": ""LINE"", ""color"": 256, ""layer"": ""WALLS"", ""linetype"": ""BYLAYER"", ""lineweight"": -1, ""thickness"": 0}"
aec://project/AEC-2026-000004/wall/7e5873f4-757e-54fb-a749-df0912743166,AEC-2026-000004,Wall,aec://artifact/AEC-ART-AEC-2026-000004-CAD-DXF-E482F08AE6C23439/geometry/35,"{""confidence"": 0.91, ""evidence"": [""layer/name indicates wall: wall"", ""entity_type=LINE"", ""layer=WALLS""], ""label"": ""Wall"", ""method"": ""hybrid_rules"", ""state"": ""ACCEPT_WITH_WARNING""}","{""cad_entity_type"": ""LINE"", ""color"": 256, ""layer"": ""WALLS"", ""linetype"": ""BYLAYER"", ""lineweight"": -1, ""thickness"": 0}"
aec://project/AEC-2026-000004/wall/096274dd-6f78-54ae-b0ca-1943e6ffd72d,AEC-2026-000004,Wall,aec://artifact/AEC-ART-AEC-2026-000004-CAD-DXF-E482F08AE6C23439/geometry/36,"{""confidence"": 0.91, ""evidence"": [""layer/name indicates wall: wall"", ""entity_type=LINE"", ""layer=WALLS""], ""label"": ""Wall"", ""method"": ""hybrid_rules"", ""state"": ""ACCEPT_WITH_WARNING""}","{""cad_entity_type"": ""LINE"", ""color"": 256, ""layer"": ""WALLS"", ""linetype"": ""BYLAYER"", ""lineweight"": -1, ""thickness"": 0}"
aec://project/AEC-2026-000004/wall/62ea9209-c789-51d7-bc75-20e5b6bbaa95,AEC-2026-000004,Wall,aec://artifact/AEC-ART-AEC-2026-000004-CAD-DXF-E482F08AE6C23439/geometry/37,"{""confidence"": 0.91, ""evidence"": [""layer/name indicates wall: wall"", ""entity_type=LINE"", ""layer=WALLS""], ""label"": ""Wall"", ""method"": ""hybrid_rules"", ""state"": ""ACCEPT_WITH_WARNING""}","{""cad_entity_type"": ""LINE"", ""color"": 256, ""layer"": ""WALLS"", ""linetype"": ""BYLAYER"", ""lineweight"": -1, ""thickness"": 0}"
aec://project/AEC-2026-000004/wall/f960b0f5-8669-51cd-afcb-4862de1c9597,AEC-2026-000004,Wall,aec://artifact/AEC-ART-AEC-2026-000004-CAD-DXF-E482F08AE6C23439/geometry/38,"{""confidence"": 0.91, ""evidence"": [""layer/name indicates wall: wall"", ""entity_type=LINE"", ""layer=WALLS""], ""label"": ""Wall"", ""method"": ""hybrid_rules"", ""state"": ""ACCEPT_WITH_WARNING""}","{""cad_entity_type"": ""LINE"", ""color"": 256, ""layer"": ""WALLS"", ""linetype"": ""BYLAYER"", ""lineweight"": -1, ""thickness"": 0}"
aec://project/AEC-2026-000004/wall/ab9ff23c-a1bd-522d-ba69-526415eb97e5,AEC-2026-000004,Wall,aec://artifact/AEC-ART-AEC-2026-000004-CAD-DXF-E482F08AE6C23439/geometry/39,"{""confidence"": 0.91, ""evidence"": [""layer/name indicates wall: wall"", ""entity_type=LINE"", ""layer=WALLS""], ""label"": ""Wall"", ""method"": ""hybrid_rules"", ""state"": ""ACCEPT_WITH_WARNING""}","{""cad_entity_type"": ""LINE"", ""color"": 256, ""layer"": ""WALLS"", ""linetype"": ""BYLAYER"", ""lineweight"": -1, ""thickness"": 0}"
aec://project/AEC-2026-000004/wall/3f69b2df-d22d-5f68-971d-ec3bb25b15cd,AEC-2026-000004,Wall,aec://artifact/AEC-ART-AEC-2026-000004-CAD-DXF-E482F08AE6C23439/geometry/3A,"{""confidence"": 0.91, ""evidence"": [""layer/name indicates wall: wall"", ""entity_type=LINE"", ""layer=WALLS""], ""label"": ""Wall"", ""method"": ""hybrid_rules"", ""state"": ""ACCEPT_WITH_WARNING""}","{""cad_entity_type"": ""LINE"", ""color"": 256, ""layer"": ""WALLS"", ""linetype"": ""BYLAYER"", ""lineweight"": -1, ""thickness"": 0}"
aec://project/AEC-2026-000004/wall/a22f3a7a-f95d-5be4-b603-358ca096a762,AEC-2026-000004,Wall,aec://artifact/AEC-ART-AEC-2026-000004-CAD-DXF-E482F08AE6C23439/geometry/3B,"{""confidence"": 0.91, ""evidence"": [""layer/name indicates wall: wall"", ""entity_type=LINE"", ""layer=WALLS""], ""label"": ""Wall"", ""method"": ""hybrid_rules"", ""state"": ""ACCEPT_WITH_WARNING""}","{""cad_entity_type"": ""LINE"", ""color"": 256, ""layer"": ""WALLS"", ""linetype"": ""BYLAYER"", ""lineweight"": -1, ""thickness"": 0}"
aec://project/AEC-2026-000004/wall/7cd9a443-6811-54fc-83f4-08902d4314af,AEC-2026-000004,Wall,aec://artifact/AEC-ART-AEC-2026-000004-CAD-DXF-E482F08AE6C23439/geometry/3C,"{""confidence"": 0.91, ""evidence"": [""layer/name indicates wall: wall"", ""entity_type=LINE"", ""layer=WALLS""], ""label"": ""Wall"", ""method"": ""hybrid_rules"", ""state"": ""ACCEPT_WITH_WARNING""}","{""cad_entity_type"": ""LINE"", ""color"": 256, ""layer"": ""WALLS"", ""linetype"": ""BYLAYER"", ""lineweight"": -1, ""thickness"": 0}"
aec://project/AEC-2026-000004/wall/36ea4d43-cf6b-5ca1-8665-c0e15e8f6adf,AEC-2026-000004,Wall,aec://artifact/AEC-ART-AEC-2026-000004-CAD-DXF-E482F08AE6C23439/geometry/3D,"{""confidence"": 0.91, ""evidence"": [""layer/name indicates wall: wall"", ""entity_type=LINE"", ""layer=WALLS""], ""label"": ""Wall"", ""method"": ""hybrid_rules"", ""state"": ""ACCEPT_WITH_WARNING""}","{""cad_entity_type"": ""LINE"", ""color"": 256, ""layer"": ""WALLS"", ""linetype"": ""BYLAYER"", ""lineweight"": -1, ""thickness"": 0}"
aec://project/AEC-2026-000004/wall/7f422960-9e04-5626-9517-6dd3d58b0191,AEC-2026-000004,Wall,aec://artifact/AEC-ART-AEC-2026-000004-CAD-DXF-E482F08AE6C23439/geometry/3E,"{""confidence"": 0.91, ""evidence"": [""layer/name indicates wall: wall"", ""entity_type=LINE"", ""layer=WALLS""], ""label"": ""Wall"", ""method"": ""hybrid_rules"", ""state"": ""ACCEPT_WITH_WARNING""}","{""cad_entity_type"": ""LINE"", ""color"": 256, ""layer"": ""WALLS"", ""linetype"": ""BYLAYER"", ""lineweight"": -1, ""thickness"": 0}"
aec://project/AEC-2026-000004/wall/3834d5ba-9838-55b3-a5b2-5c83e9235aca,AEC-2026-000004,Wall,aec://artifact/AEC-ART-AEC-2026-000004-CAD-DXF-E482F08AE6C23439/geometry/3F,"{""confidence"": 0.91, ""evidence"": [""layer/name indicates wall: wall"", ""entity_type=LINE"", ""layer=WALLS""], ""label"": ""Wall"", ""method"": ""hybrid_rules"", ""state"": ""ACCEPT_WITH_WARNING""}","{""cad_entity_type"": ""LINE"", ""color"": 256, ""layer"": ""WALLS"", ""linetype"": ""BYLAYER"", ""lineweight"": -1, ""thickness"": 0}"
aec://project/AEC-2026-000004/wall/3ef788a6-8dac-53ce-a8fc-0ad7a07f4a97,AEC-2026-000004,Wall,aec://artifact/AEC-ART-AEC-2026-000004-CAD-DXF-E482F08AE6C23439/geometry/40,"{""confidence"": 0.91, ""evidence"": [""layer/name indicates wall: wall"", ""entity_type=LINE"", ""layer=WALLS""], ""label"": ""Wall"", ""method"": ""hybrid_rules"", ""state"": ""ACCEPT_WITH_WARNING""}","{""cad_entity_type"": ""LINE"", ""color"": 256, ""layer"": ""WALLS"", ""linetype"": ""BYLAYER"", ""lineweight"": -1, ""thickness"": 0}"
aec://project/AEC-2026-000004/wall/8b796c8a-3aa4-5261-9314-c2803661cbcf,AEC-2026-000004,Wall,aec://artifact/AEC-ART-AEC-2026-000004-CAD-DXF-E482F08AE6C23439/geometry/41,"{""confidence"": 0.91, ""evidence"": [""layer/name indicates wall: wall"", ""entity_type=LINE"", ""layer=WALLS""], ""label"": ""Wall"", ""method"": ""hybrid_rules"", ""state"": ""ACCEPT_WITH_WARNING""}","{""cad_entity_type"": ""LINE"", ""color"": 256, ""layer"": ""WALLS"", ""linetype"": ""BYLAYER"", ""lineweight"": -1, ""thickness"": 0}"
aec://project/AEC-2026-000004/wall/9f1dfdab-4eca-50d7-8462-6e0a84e5433c,AEC-2026-000004,Wall,aec://artifact/AEC-ART-AEC-2026-000004-CAD-DXF-E482F08AE6C23439/geometry/42,"{""confidence"": 0.91, ""evidence"": [""layer/name indicates wall: wall"", ""entity_type=LINE"", ""layer=WALLS""], ""label"": ""Wall"", ""method"": ""hybrid_rules"", ""state"": ""ACCEPT_WITH_WARNING""}","{""cad_entity_type"": ""LINE"", ""color"": 256, ""layer"": ""WALLS"", ""linetype"": ""BYLAYER"", ""lineweight"": -1, ""thickness"": 0}"
aec://project/AEC-2026-000004/wall/f3f34fd9-e532-560a-810e-250ba749e74d,AEC-2026-000004,Wall,aec://artifact/AEC-ART-AEC-2026-000004-CAD-DXF-E482F08AE6C23439/geometry/43,"{""confidence"": 0.91, ""evidence"": [""layer/name indicates wall: wall"", ""entity_type=LINE"", ""layer=WALLS""], ""label"": ""Wall"", ""method"": ""hybrid_rules"", ""state"": ""ACCEPT_WITH_WARNING""}","{""cad_entity_type"": ""LINE"", ""color"": 256, ""layer"": ""WALLS"", ""linetype"": ""BYLAYER"", ""lineweight"": -1, ""thickness"": 0}"
aec://project/AEC-2026-000004/wall/63b4f261-835f-580b-93e5-24ddd61f9d66,AEC-2026-000004,Wall,aec://artifact/AEC-ART-AEC-2026-000004-CAD-DXF-E482F08AE6C23439/geometry/44,"{""confidence"": 0.91, ""evidence"": [""layer/name indicates wall: wall"", ""entity_type=LINE"", ""layer=WALLS""], ""label"": ""Wall"", ""method"": ""hybrid_rules"", ""state"": ""ACCEPT_WITH_WARNING""}","{""cad_entity_type"": ""LINE"", ""color"": 256, ""layer"": ""WALLS"", ""linetype"": ""BYLAYER"", ""lineweight"": -1, ""thickness"": 0}"
aec://project/AEC-2026-000004/wall/6b14f603-f456-530b-b7e1-ecf48f952443,AEC-2026-000004,Wall,aec://artifact/AEC-ART-AEC-2026-000004-CAD-DXF-E482F08AE6C23439/geometry/45,"{""confidence"": 0.91, ""evidence"": [""layer/name indicates wall: wall"", ""entity_type=LINE"", ""layer=WALLS""], ""label"": ""Wall"", ""method"": ""hybrid_rules"", ""state"": ""ACCEPT_WITH_WARNING""}","{""cad_entity_type"": ""LINE"", ""color"": 256, ""layer"": ""WALLS"", ""linetype"": ""BYLAYER"", ""lineweight"": -1, ""thickness"": 0}"
aec://project/AEC-2026-000004/wall/69c9258a-f3c8-5179-bda0-df6ef964d6e9,AEC-2026-000004,Wall,aec://artifact/AEC-ART-AEC-2026-000004-CAD-DXF-E482F08AE6C23439/geometry/46,"{""confidence"": 0.91, ""evidence"": [""layer/name indicates wall: wall"", ""entity_type=LINE"", ""layer=WALLS""], ""label"": ""Wall"", ""method"": ""hybrid_rules"", ""state"": ""ACCEPT_WITH_WARNING""}","{""cad_entity_type"": ""LINE"", ""color"": 256, ""layer"": ""WALLS"", ""linetype"": ""BYLAYER"", ""lineweight"": -1, ""thickness"": 0}"
aec://project/AEC-2026-000004/wall/390c0203-14c7-51c8-a9d5-b1b475f43d0b,AEC-2026-000004,Wall,aec://artifact/AEC-ART-AEC-2026-000004-CAD-DXF-E482F08AE6C23439/geometry/47,"{""confidence"": 0.91, ""evidence"": [""layer/name indicates wall: wall"", ""entity_type=LINE"", ""layer=WALLS""], ""label"": ""Wall"", ""method"": ""hybrid_rules"", ""state"": ""ACCEPT_WITH_WARNING""}","{""cad_entity_type"": ""LINE"", ""color"": 256, ""layer"": ""WALLS"", ""linetype"": ""BYLAYER"", ""lineweight"": -1, ""thickness"": 0}"
aec://project/AEC-2026-000004/wall/1c8e5273-ee6d-59f8-9ac4-b26d04ad0c44,AEC-2026-000004,Wall,aec://artifact/AEC-ART-AEC-2026-000004-CAD-DXF-E482F08AE6C23439/geometry/48,"{""confidence"": 0.91, ""evidence"": [""layer/name indicates wall: wall"", ""entity_type=LINE"", ""layer=WALLS""], ""label"": ""Wall"", ""method"": ""hybrid_rules"", ""state"": ""ACCEPT_WITH_WARNING""}","{""cad_entity_type"": ""LINE"", ""color"": 256, ""layer"": ""WALLS"", ""linetype"": ""BYLAYER"", ""lineweight"": -1, ""thickness"": 0}"
aec://project/AEC-2026-000004/wall/172327e8-0c02-54c0-ab92-f56b12a9fb26,AEC-2026-000004,Wall,aec://artifact/AEC-ART-AEC-2026-000004-CAD-DXF-E482F08AE6C23439/geometry/49,"{""confidence"": 0.91, ""evidence"": [""layer/name indicates wall: wall"", ""entity_type=LINE"", ""layer=WALLS""], ""label"": ""Wall"", ""method"": ""hybrid_rules"", ""state"": ""ACCEPT_WITH_WARNING""}","{""cad_entity_type"": ""LINE"", ""color"": 256, ""layer"": ""WALLS"", ""linetype"": ""BYLAYER"", ""lineweight"": -1, ""thickness"": 0}"
aec://project/AEC-2026-000004/wall/9745b6d4-ca7a-5d8d-8f9f-0c4440babce7,AEC-2026-000004,Wall,aec://artifact/AEC-ART-AEC-2026-000004-CAD-DXF-E482F08AE6C23439/geometry/4A,"{""confidence"": 0.91, ""evidence"": [""layer/name indicates wall: wall"", ""entity_type=LINE"", ""layer=WALLS""], ""label"": ""Wall"", ""method"": ""hybrid_rules"", ""state"": ""ACCEPT_WITH_WARNING""}","{""cad_entity_type"": ""LINE"", ""color"": 256, ""layer"": ""WALLS"", ""linetype"": ""BYLAYER"", ""lineweight"": -1, ""thickness"": 0}"
aec://project/AEC-2026-000004/wall/30bbd460-08cf-50a9-b1a6-6b8a4dcabdcc,AEC-2026-000004,Wall,aec://artifact/AEC-ART-AEC-2026-000004-CAD-DXF-E482F08AE6C23439/geometry/4B,"{""confidence"": 0.91, ""evidence"": [""layer/name indicates wall: wall"", ""entity_type=LINE"", ""layer=WALLS""], ""label"": ""Wall"", ""method"": ""hybrid_rules"", ""state"": ""ACCEPT_WITH_WARNING""}","{""cad_entity_type"": ""LINE"", ""color"": 256, ""layer"": ""WALLS"", ""linetype"": ""BYLAYER"", ""lineweight"": -1, ""thickness"": 0}"
aec://project/AEC-2026-000004/wall/f2514f50-148b-58b8-8430-b2d96b30d3dd,AEC-2026-000004,Wall,aec://artifact/AEC-ART-AEC-2026-000004-CAD-DXF-E482F08AE6C23439/geometry/4C,"{""confidence"": 0.91, ""evidence"": [""layer/name indicates wall: wall"", ""entity_type=LINE"", ""layer=WALLS""], ""label"": ""Wall"", ""method"": ""hybrid_rules"", ""state"": ""ACCEPT_WITH_WARNING""}","{""cad_entity_type"": ""LINE"", ""color"": 256, ""layer"": ""WALLS"", ""linetype"": ""BYLAYER"", ""lineweight"": -1, ""thickness"": 0}"
aec://project/AEC-2026-000004/wall/d36eb429-13ca-50b7-bfa7-b196a7c15a03,AEC-2026-000004,Wall,aec://artifact/AEC-ART-AEC-2026-000004-CAD-DXF-E482F08AE6C23439/geometry/4D,"{""confidence"": 0.91, ""evidence"": [""layer/name indicates wall: wall"", ""entity_type=LINE"", ""layer=WALLS""], ""label"": ""Wall"", ""method"": ""hybrid_rules"", ""state"": ""ACCEPT_WITH_WARNING""}","{""cad_entity_type"": ""LINE"", ""color"": 256, ""layer"": ""WALLS"", ""linetype"": ""BYLAYER"", ""lineweight"": -1, ""thickness"": 0}"
aec://project/AEC-2026-000004/wall/f40274a5-60f1-5712-82fe-828ecfe7744a,AEC-2026-000004,Wall,aec://artifact/AEC-ART-AEC-2026-000004-CAD-DXF-E482F08AE6C23439/geometry/4E,"{""confidence"": 0.91, ""evidence"": [""layer/name indicates wall: wall"", ""entity_type=LINE"", ""layer=WALLS""], ""label"": ""Wall"", ""method"": ""hybrid_rules"", ""state"": ""ACCEPT_WITH_WARNING""}","{""cad_entity_type"": ""LINE"", ""color"": 256, ""layer"": ""WALLS"", ""linetype"": ""BYLAYER"", ""lineweight"": -1, ""thickness"": 0}"
aec://project/AEC-2026-000004/wall/038fff01-1790-5c03-b390-2084cf975fb1,AEC-2026-000004,Wall,aec://artifact/AEC-ART-AEC-2026-000004-CAD-DXF-E482F08AE6C23439/geometry/4F,"{""confidence"": 0.91, ""evidence"": [""layer/name indicates wall: wall"", ""entity_type=LINE"", ""layer=WALLS""], ""label"": ""Wall"", ""method"": ""hybrid_rules"", ""state"": ""ACCEPT_WITH_WARNING""}","{""cad_entity_type"": ""LINE"", ""color"": 256, ""layer"": ""WALLS"", ""linetype"": ""BYLAYER"", ""lineweight"": -1, ""thickness"": 0}"
aec://project/AEC-2026-000004/wall/a5ea4246-a6f3-51a3-b816-4906bc1c9f66,AEC-2026-000004,Wall,aec://artifact/AEC-ART-AEC-2026-000004-CAD-DXF-E482F08AE6C23439/geometry/50,"{""confidence"": 0.91, ""evidence"": [""layer/name indicates wall: wall"", ""entity_type=LINE"", ""layer=WALLS""], ""label"": ""Wall"", ""method"": ""hybrid_rules"", ""state"": ""ACCEPT_WITH_WARNING""}","{""cad_entity_type"": ""LINE"", ""color"": 256, ""layer"": ""WALLS"", ""linetype"": ""BYLAYER"", ""lineweight"": -1, ""thickness"": 0}"
aec://project/AEC-2026-000004/wall/8e0cf106-30f5-574b-8f6a-7c68615e6f33,AEC-2026-000004,Wall,aec://artifact/AEC-ART-AEC-2026-000004-CAD-DXF-E482F08AE6C23439/geometry/51,"{""confidence"": 0.91, ""evidence"": [""layer/name indicates wall: wall"", ""entity_type=LINE"", ""layer=WALLS""], ""label"": ""Wall"", ""method"": ""hybrid_rules"", ""state"": ""ACCEPT_WITH_WARNING""}","{""cad_entity_type"": ""LINE"", ""color"": 256, ""layer"": ""WALLS"", ""linetype"": ""BYLAYER"", ""lineweight"": -1, ""thickness"": 0}"
aec://project/AEC-2026-000004/wall/0459c881-4ebf-595b-959f-e34433646c82,AEC-2026-000004,Wall,aec://artifact/AEC-ART-AEC-2026-000004-CAD-DXF-E482F08AE6C23439/geometry/52,"{""confidence"": 0.91, ""evidence"": [""layer/name indicates wall: wall"", ""entity_type=LINE"", ""layer=WALLS""], ""label"": ""Wall"", ""method"": ""hybrid_rules"", ""state"": ""ACCEPT_WITH_WARNING""}","{""cad_entity_type"": ""LINE"", ""color"": 256, ""layer"": ""WALLS"", ""linetype"": ""BYLAYER"", ""lineweight"": -1, ""thickness"": 0}"
aec://project/AEC-2026-000004/wall/ae93d7a7-bacd-5352-90e7-406eaad022bf,AEC-2026-000004,Wall,aec://artifact/AEC-ART-AEC-2026-000004-CAD-DXF-E482F08AE6C23439/geometry/53,"{""confidence"": 0.91, ""evidence"": [""layer/name indicates wall: wall"", ""entity_type=LINE"", ""layer=WALLS""], ""label"": ""Wall"", ""method"": ""hybrid_rules"", ""state"": ""ACCEPT_WITH_WARNING""}","{""cad_entity_type"": ""LINE"", ""color"": 256, ""layer"": ""WALLS"", ""linetype"": ""BYLAYER"", ""lineweight"": -1, ""thickness"": 0}"
aec://project/AEC-2026-000004/wall/55ff96f5-d47a-543d-a334-4354ed3e7776,AEC-2026-000004,Wall,aec://artifact/AEC-ART-AEC-2026-000004-CAD-DXF-E482F08AE6C23439/geometry/54,"{""confidence"": 0.91, ""evidence"": [""layer/name indicates wall: wall"", ""entity_type=LINE"", ""layer=WALLS""], ""label"": ""Wall"", ""method"": ""hybrid_rules"", ""state"": ""ACCEPT_WITH_WARNING""}","{""cad_entity_type"": ""LINE"", ""color"": 256, ""layer"": ""WALLS"", ""linetype"": ""BYLAYER"", ""lineweight"": -1, ""thickness"": 0}"
aec://project/AEC-2026-000004/wall/1f9c46a9-be8e-5c6d-a48c-0ce151ab7ccc,AEC-2026-000004,Wall,aec://artifact/AEC-ART-AEC-2026-000004-CAD-DXF-E482F08AE6C23439/geometry/55,"{""confidence"": 0.91, ""evidence"": [""layer/name indicates wall: wall"", ""entity_type=LINE"", ""layer=WALLS""], ""label"": ""Wall"", ""method"": ""hybrid_rules"", ""state"": ""ACCEPT_WITH_WARNING""}","{""cad_entity_type"": ""LINE"", ""color"": 256, ""layer"": ""WALLS"", ""linetype"": ""BYLAYER"", ""lineweight"": -1, ""thickness"": 0}"
aec://project/AEC-2026-000004/wall/12cf265a-6242-55a4-a415-ca8679a5fb17,AEC-2026-000004,Wall,aec://artifact/AEC-ART-AEC-2026-000004-CAD-DXF-E482F08AE6C23439/geometry/56,"{""confidence"": 0.91, ""evidence"": [""layer/name indicates wall: wall"", ""entity_type=LINE"", ""layer=WALLS""], ""label"": ""Wall"", ""method"": ""hybrid_rules"", ""state"": ""ACCEPT_WITH_WARNING""}","{""cad_entity_type"": ""LINE"", ""color"": 256, ""layer"": ""WALLS"", ""linetype"": ""BYLAYER"", ""lineweight"": -1, ""thickness"": 0}"
aec://project/AEC-2026-000004/wall/d4b5512f-ef45-52da-bb63-fc3dc03aa9d4,AEC-2026-000004,Wall,aec://artifact/AEC-ART-AEC-2026-000004-CAD-DXF-E482F08AE6C23439/geometry/57,"{""confidence"": 0.91, ""evidence"": [""layer/name indicates wall: wall"", ""entity_type=LINE"", ""layer=WALLS""], ""label"": ""Wall"", ""method"": ""hybrid_rules"", ""state"": ""ACCEPT_WITH_WARNING""}","{""cad_entity_type"": ""LINE"", ""color"": 256, ""layer"": ""WALLS"", ""linetype"": ""BYLAYER"", ""lineweight"": -1, ""thickness"": 0}"
aec://project/AEC-2026-000004/wall/1b9b5daf-f6ba-572f-b88a-1f17c3872b57,AEC-2026-000004,Wall,aec://artifact/AEC-ART-AEC-2026-000004-CAD-DXF-E482F08AE6C23439/geometry/58,"{""confidence"": 0.91, ""evidence"": [""layer/name indicates wall: wall"", ""entity_type=LINE"", ""layer=WALLS""], ""label"": ""Wall"", ""method"": ""hybrid_rules"", ""state"": ""ACCEPT_WITH_WARNING""}","{""cad_entity_type"": ""LINE"", ""color"": 256, ""layer"": ""WALLS"", ""linetype"": ""BYLAYER"", ""lineweight"": -1, ""thickness"": 0}"
aec://project/AEC-2026-000004/wall/f49bada8-2dd3-547f-b1d1-843d73fe5f4d,AEC-2026-000004,Wall,aec://artifact/AEC-ART-AEC-2026-000004-CAD-DXF-E482F08AE6C23439/geometry/59,"{""confidence"": 0.91, ""evidence"": [""layer/name indicates wall: wall"", ""entity_type=LINE"", ""layer=WALLS""], ""label"": ""Wall"", ""method"": ""hybrid_rules"", ""state"": ""ACCEPT_WITH_WARNING""}","{""cad_entity_type"": ""LINE"", ""color"": 256, ""layer"": ""WALLS"", ""linetype"": ""BYLAYER"", ""lineweight"": -1, ""thickness"": 0}"
aec://project/AEC-2026-000004/wall/3d0357de-c1b5-5d12-9a1a-d85370b2fd41,AEC-2026-000004,Wall,aec://artifact/AEC-ART-AEC-2026-000004-CAD-DXF-E482F08AE6C23439/geometry/5A,"{""confidence"": 0.91, ""evidence"": [""layer/name indicates wall: wall"", ""entity_type=LINE"", ""layer=WALLS""], ""label"": ""Wall"", ""method"": ""hybrid_rules"", ""state"": ""ACCEPT_WITH_WARNING""}","{""cad_entity_type"": ""LINE"", ""color"": 256, ""layer"": ""WALLS"", ""linetype"": ""BYLAYER"", ""lineweight"": -1, ""thickness"": 0}"
aec://project/AEC-2026-000004/wall/e02ce935-1da3-5d21-bf23-aad08f7a15ec,AEC-2026-000004,Wall,aec://artifact/AEC-ART-AEC-2026-000004-CAD-DXF-E482F08AE6C23439/geometry/5B,"{""confidence"": 0.91, ""evidence"": [""layer/name indicates wall: wall"", ""entity_type=LINE"", ""layer=WALLS""], ""label"": ""Wall"", ""method"": ""hybrid_rules"", ""state"": ""ACCEPT_WITH_WARNING""}","{""cad_entity_type"": ""LINE"", ""color"": 256, ""layer"": ""WALLS"", ""linetype"": ""BYLAYER"", ""lineweight"": -1, ""thickness"": 0}"
aec://project/AEC-2026-000004/wall/dd395af9-9635-5747-abc8-1771e7fa4d86,AEC-2026-000004,Wall,aec://artifact/AEC-ART-AEC-2026-000004-CAD-DXF-E482F08AE6C23439/geometry/5C,"{""confidence"": 0.91, ""evidence"": [""layer/name indicates wall: wall"", ""entity_type=LINE"", ""layer=WALLS""], ""label"": ""Wall"", ""method"": ""hybrid_rules"", ""state"": ""ACCEPT_WITH_WARNING""}","{""cad_entity_type"": ""LINE"", ""color"": 256, ""layer"": ""WALLS"", ""linetype"": ""BYLAYER"", ""lineweight"": -1, ""thickness"": 0}"
aec://project/AEC-2026-000004/wall/89a2e76d-e3fe-5948-9ce6-30f3a6725d2e,AEC-2026-000004,Wall,aec://artifact/AEC-ART-AEC-2026-000004-CAD-DXF-E482F08AE6C23439/geometry/5D,"{""confidence"": 0.91, ""evidence"": [""layer/name indicates wall: wall"", ""entity_type=LINE"", ""layer=WALLS""], ""label"": ""Wall"", ""method"": ""hybrid_rules"", ""state"": ""ACCEPT_WITH_WARNING""}","{""cad_entity_type"": ""LINE"", ""color"": 256, ""layer"": ""WALLS"", ""linetype"": ""BYLAYER"", ""lineweight"": -1, ""thickness"": 0}"
aec://project/AEC-2026-000004/wall/d3851ba3-7f85-5b5e-9900-e6774c497ef5,AEC-2026-000004,Wall,aec://artifact/AEC-ART-AEC-2026-000004-CAD-DXF-E482F08AE6C23439/geometry/5E,"{""confidence"": 0.91, ""evidence"": [""layer/name indicates wall: wall"", ""entity_type=LINE"", ""layer=WALLS""], ""label"": ""Wall"", ""method"": ""hybrid_rules"", ""state"": ""ACCEPT_WITH_WARNING""}","{""cad_entity_type"": ""LINE"", ""color"": 256, ""layer"": ""WALLS"", ""linetype"": ""BYLAYER"", ""lineweight"": -1, ""thickness"": 0}"
aec://project/AEC-2026-000004/wall/f9dc6ff1-e5bf-51b2-a22e-3e01bbbb3769,AEC-2026-000004,Wall,aec://artifact/AEC-ART-AEC-2026-000004-CAD-DXF-E482F08AE6C23439/geometry/5F,"{""confidence"": 0.91, ""evidence"": [""layer/name indicates wall: wall"", ""entity_type=LINE"", ""layer=WALLS""], ""label"": ""Wall"", ""method"": ""hybrid_rules"", ""state"": ""ACCEPT_WITH_WARNING""}","{""cad_entity_type"": ""LINE"", ""color"": 256, ""layer"": ""WALLS"", ""linetype"": ""BYLAYER"", ""lineweight"": -1, ""thickness"": 0}"
aec://project/AEC-2026-000004/wall/913348c9-7bed-58e0-80b1-8dfaf1c7f933,AEC-2026-000004,Wall,aec://artifact/AEC-ART-AEC-2026-000004-CAD-DXF-E482F08AE6C23439/geometry/60,"{""confidence"": 0.91, ""evidence"": [""layer/name indicates wall: wall"", ""entity_type=LINE"", ""layer=WALLS""], ""label"": ""Wall"", ""method"": ""hybrid_rules"", ""state"": ""ACCEPT_WITH_WARNING""}","{""cad_entity_type"": ""LINE"", ""color"": 256, ""layer"": ""WALLS"", ""linetype"": ""BYLAYER"", ""lineweight"": -1, ""thickness"": 0}"
aec://project/AEC-2026-000004/wall/7512ab5f-d1d2-5240-bdeb-04ef8804e7ec,AEC-2026-000004,Wall,aec://artifact/AEC-ART-AEC-2026-000004-CAD-DXF-E482F08AE6C23439/geometry/61,"{""confidence"": 0.91, ""evidence"": [""layer/name indicates wall: wall"", ""entity_type=LINE"", ""layer=WALLS""], ""label"": ""Wall"", ""method"": ""hybrid_rules"", ""state"": ""ACCEPT_WITH_WARNING""}","{""cad_entity_type"": ""LINE"", ""color"": 256, ""layer"": ""WALLS"", ""linetype"": ""BYLAYER"", ""lineweight"": -1, ""thickness"": 0}"
aec://project/AEC-2026-000004/wall/e9e87188-05d0-5348-b669-abdd7e0611ef,AEC-2026-000004,Wall,aec://artifact/AEC-ART-AEC-2026-000004-CAD-DXF-E482F08AE6C23439/geometry/62,"{""confidence"": 0.91, ""evidence"": [""layer/name indicates wall: wall"", ""entity_type=LINE"", ""layer=WALLS""], ""label"": ""Wall"", ""method"": ""hybrid_rules"", ""state"": ""ACCEPT_WITH_WARNING""}","{""cad_entity_type"": ""LINE"", ""color"": 256, ""layer"": ""WALLS"", ""linetype"": ""BYLAYER"", ""lineweight"": -1, ""thickness"": 0}"
aec://project/AEC-2026-000004/wall/47bfb3c0-ffd1-54d5-8205-d502331fe02a,AEC-2026-000004,Wall,aec://artifact/AEC-ART-AEC-2026-000004-CAD-DXF-E482F08AE6C23439/geometry/63,"{""confidence"": 0.91, ""evidence"": [""layer/name indicates wall: wall"", ""entity_type=LINE"", ""layer=WALLS""], ""label"": ""Wall"", ""method"": ""hybrid_rules"", ""state"": ""ACCEPT_WITH_WARNING""}","{""cad_entity_type"": ""LINE"", ""color"": 256, ""layer"": ""WALLS"", ""linetype"": ""BYLAYER"", ""lineweight"": -1, ""thickness"": 0}"
aec://project/AEC-2026-000004/wall/8d0788d2-201d-583b-b9fa-85732828e5c8,AEC-2026-000004,Wall,aec://artifact/AEC-ART-AEC-2026-000004-CAD-DXF-E482F08AE6C23439/geometry/64,"{""confidence"": 0.91, ""evidence"": [""layer/name indicates wall: wall"", ""entity_type=LINE"", ""layer=WALLS""], ""label"": ""Wall"", ""method"": ""hybrid_rules"", ""state"": ""ACCEPT_WITH_WARNING""}","{""cad_entity_type"": ""LINE"", ""color"": 256, ""layer"": ""WALLS"", ""linetype"": ""BYLAYER"", ""lineweight"": -1, ""thickness"": 0}"
aec://project/AEC-2026-000004/wall/a30af929-2990-51f7-b404-2f9926b1b3fa,AEC-2026-000004,Wall,aec://artifact/AEC-ART-AEC-2026-000004-CAD-DXF-E482F08AE6C23439/geometry/65,"{""confidence"": 0.91, ""evidence"": [""layer/name indicates wall: wall"", ""entity_type=LINE"", ""layer=WALLS""], ""label"": ""Wall"", ""method"": ""hybrid_rules"", ""state"": ""ACCEPT_WITH_WARNING""}","{""cad_entity_type"": ""LINE"", ""color"": 256, ""layer"": ""WALLS"", ""linetype"": ""BYLAYER"", ""lineweight"": -1, ""thickness"": 0}"
aec://project/AEC-2026-000004/wall/cdb9c91f-d852-537b-8366-4933502c6c72,AEC-2026-000004,Wall,aec://artifact/AEC-ART-AEC-2026-000004-CAD-DXF-E482F08AE6C23439/geometry/66,"{""confidence"": 0.91, ""evidence"": [""layer/name indicates wall: wall"", ""entity_type=LINE"", ""layer=WALLS""], ""label"": ""Wall"", ""method"": ""hybrid_rules"", ""state"": ""ACCEPT_WITH_WARNING""}","{""cad_entity_type"": ""LINE"", ""color"": 256, ""layer"": ""WALLS"", ""linetype"": ""BYLAYER"", ""lineweight"": -1, ""thickness"": 0}"
aec://project/AEC-2026-000004/wall/f819b5fb-f32c-5701-b7ef-b84ed4b4d6cf,AEC-2026-000004,Wall,aec://artifact/AEC-ART-AEC-2026-000004-CAD-DXF-E482F08AE6C23439/geometry/67,"{""confidence"": 0.91, ""evidence"": [""layer/name indicates wall: wall"", ""entity_type=LINE"", ""layer=WALLS""], ""label"": ""Wall"", ""method"": ""hybrid_rules"", ""state"": ""ACCEPT_WITH_WARNING""}","{""cad_entity_type"": ""LINE"", ""color"": 256, ""layer"": ""WALLS"", ""linetype"": ""BYLAYER"", ""lineweight"": -1, ""thickness"": 0}"
aec://project/AEC-2026-000004/wall/98b00dc4-237e-57d0-894d-6ed23031e6c0,AEC-2026-000004,Wall,aec://artifact/AEC-ART-AEC-2026-000004-CAD-DXF-E482F08AE6C23439/geometry/68,"{""confidence"": 0.91, ""evidence"": [""layer/name indicates wall: wall"", ""entity_type=LINE"", ""layer=WALLS""], ""label"": ""Wall"", ""method"": ""hybrid_rules"", ""state"": ""ACCEPT_WITH_WARNING""}","{""cad_entity_type"": ""LINE"", ""color"": 256, ""layer"": ""WALLS"", ""linetype"": ""BYLAYER"", ""lineweight"": -1, ""thickness"": 0}"
aec://project/AEC-2026-000004/wall/4d643563-afdc-553c-ae81-c1266950c503,AEC-2026-000004,Wall,aec://artifact/AEC-ART-AEC-2026-000004-CAD-DXF-E482F08AE6C23439/geometry/69,"{""confidence"": 0.91, ""evidence"": [""layer/name indicates wall: wall"", ""entity_type=LINE"", ""layer=WALLS""], ""label"": ""Wall"", ""method"": ""hybrid_rules"", ""state"": ""ACCEPT_WITH_WARNING""}","{""cad_entity_type"": ""LINE"", ""color"": 256, ""layer"": ""WALLS"", ""linetype"": ""BYLAYER"", ""lineweight"": -1, ""thickness"": 0}"
aec://project/AEC-2026-000004/wall/5236efe8-bc71-576f-aead-28724c311f69,AEC-2026-000004,Wall,aec://artifact/AEC-ART-AEC-2026-000004-CAD-DXF-E482F08AE6C23439/geometry/6A,"{""confidence"": 0.91, ""evidence"": [""layer/name indicates wall: wall"", ""entity_type=LINE"", ""layer=WALLS""], ""label"": ""Wall"", ""method"": ""hybrid_rules"", ""state"": ""ACCEPT_WITH_WARNING""}","{""cad_entity_type"": ""LINE"", ""color"": 256, ""layer"": ""WALLS"", ""linetype"": ""BYLAYER"", ""lineweight"": -1, ""thickness"": 0}"
aec://project/AEC-2026-000004/wall/6756b617-f096-500f-9549-e44c55985bfc,AEC-2026-000004,Wall,aec://artifact/AEC-ART-AEC-2026-000004-CAD-DXF-E482F08AE6C23439/geometry/6B,"{""confidence"": 0.91, ""evidence"": [""layer/name indicates wall: wall"", ""entity_type=LINE"", ""layer=WALLS""], ""label"": ""Wall"", ""method"": ""hybrid_rules"", ""state"": ""ACCEPT_WITH_WARNING""}","{""cad_entity_type"": ""LINE"", ""color"": 256, ""layer"": ""WALLS"", ""linetype"": ""BYLAYER"", ""lineweight"": -1, ""thickness"": 0}"
aec://project/AEC-2026-000004/wall/c478de6c-0a66-5af7-8e52-1d7f8b31cdcd,AEC-2026-000004,Wall,aec://artifact/AEC-ART-AEC-2026-000004-CAD-DXF-E482F08AE6C23439/geometry/6C,"{""confidence"": 0.91, ""evidence"": [""layer/name indicates wall: wall"", ""entity_type=LINE"", ""layer=WALLS""], ""label"": ""Wall"", ""method"": ""hybrid_rules"", ""state"": ""ACCEPT_WITH_WARNING""}","{""cad_entity_type"": ""LINE"", ""color"": 256, ""layer"": ""WALLS"", ""linetype"": ""BYLAYER"", ""lineweight"": -1, ""thickness"": 0}"
aec://project/AEC-2026-000004/wall/b75a415c-64c2-59cd-adb4-398a50b438fc,AEC-2026-000004,Wall,aec://artifact/AEC-ART-AEC-2026-000004-CAD-DXF-E482F08AE6C23439/geometry/6D,"{""confidence"": 0.91, ""evidence"": [""layer/name indicates wall: wall"", ""entity_type=LINE"", ""layer=WALLS""], ""label"": ""Wall"", ""method"": ""hybrid_rules"", ""state"": ""ACCEPT_WITH_WARNING""}","{""cad_entity_type"": ""LINE"", ""color"": 256, ""layer"": ""WALLS"", ""linetype"": ""BYLAYER"", ""lineweight"": -1, ""thickness"": 0}"
aec://project/AEC-2026-000004/wall/6a74f09f-3b8a-5082-9b3f-832fada2120b,AEC-2026-000004,Wall,aec://artifact/AEC-ART-AEC-2026-000004-CAD-DXF-E482F08AE6C23439/geometry/6E,"{""confidence"": 0.91, ""evidence"": [""layer/name indicates wall: wall"", ""entity_type=LINE"", ""layer=WALLS""], ""label"": ""Wall"", ""method"": ""hybrid_rules"", ""state"": ""ACCEPT_WITH_WARNING""}","{""cad_entity_type"": ""LINE"", ""color"": 256, ""layer"": ""WALLS"", ""linetype"": ""BYLAYER"", ""lineweight"": -1, ""thickness"": 0}"
aec://project/AEC-2026-000004/wall/8edf10f8-fb84-50ae-baa2-c5fd3b377c2f,AEC-2026-000004,Wall,aec://artifact/AEC-ART-AEC-2026-000004-CAD-DXF-E482F08AE6C23439/geometry/6F,"{""confidence"": 0.91, ""evidence"": [""layer/name indicates wall: wall"", ""entity_type=LINE"", ""layer=WALLS""], ""label"": ""Wall"", ""method"": ""hybrid_rules"", ""state"": ""ACCEPT_WITH_WARNING""}","{""cad_entity_type"": ""LINE"", ""color"": 256, ""layer"": ""WALLS"", ""linetype"": ""BYLAYER"", ""lineweight"": -1, ""thickness"": 0}"
aec://project/AEC-2026-000004/wall/b2c7997e-a4bd-5527-a94f-075879ec5433,AEC-2026-000004,Wall,aec://artifact/AEC-ART-AEC-2026-000004-CAD-DXF-E482F08AE6C23439/geometry/70,"{""confidence"": 0.91, ""evidence"": [""layer/name indicates wall: wall"", ""entity_type=LINE"", ""layer=WALLS""], ""label"": ""Wall"", ""method"": ""hybrid_rules"", ""state"": ""ACCEPT_WITH_WARNING""}","{""cad_entity_type"": ""LINE"", ""color"": 256, ""layer"": ""WALLS"", ""linetype"": ""BYLAYER"", ""lineweight"": -1, ""thickness"": 0}"
aec://project/AEC-2026-000004/wall/6c91af7c-1a74-5727-a7c4-39e485f5ced2,AEC-2026-000004,Wall,aec://artifact/AEC-ART-AEC-2026-000004-CAD-DXF-E482F08AE6C23439/geometry/71,"{""confidence"": 0.91, ""evidence"": [""layer/name indicates wall: wall"", ""entity_type=LINE"", ""layer=WALLS""], ""label"": ""Wall"", ""method"": ""hybrid_rules"", ""state"": ""ACCEPT_WITH_WARNING""}","{""cad_entity_type"": ""LINE"", ""color"": 256, ""layer"": ""WALLS"", ""linetype"": ""BYLAYER"", ""lineweight"": -1, ""thickness"": 0}"
aec://project/AEC-2026-000004/wall/cd2155b2-5a1c-5992-8a9e-aa98a476bdfe,AEC-2026-000004,Wall,aec://artifact/AEC-ART-AEC-2026-000004-CAD-DXF-E482F08AE6C23439/geometry/72,"{""confidence"": 0.91, ""evidence"": [""layer/name indicates wall: wall"", ""entity_type=LINE"", ""layer=WALLS""], ""label"": ""Wall"", ""method"": ""hybrid_rules"", ""state"": ""ACCEPT_WITH_WARNING""}","{""cad_entity_type"": ""LINE"", ""color"": 256, ""layer"": ""WALLS"", ""linetype"": ""BYLAYER"", ""lineweight"": -1, ""thickness"": 0}"
aec://project/AEC-2026-000004/wall/455c239d-4e51-5120-9fb2-d5589a29dd22,AEC-2026-000004,Wall,aec://artifact/AEC-ART-AEC-2026-000004-CAD-DXF-E482F08AE6C23439/geometry/73,"{""confidence"": 0.91, ""evidence"": [""layer/name indicates wall: wall"", ""entity_type=LINE"", ""layer=WALLS""], ""label"": ""Wall"", ""method"": ""hybrid_rules"", ""state"": ""ACCEPT_WITH_WARNING""}","{""cad_entity_type"": ""LINE"", ""color"": 256, ""layer"": ""WALLS"", ""linetype"": ""BYLAYER"", ""lineweight"": -1, ""thickness"": 0}"
aec://project/AEC-2026-000004/wall/045f34e0-1c81-5b9f-8660-6396d55b0f75,AEC-2026-000004,Wall,aec://artifact/AEC-ART-AEC-2026-000004-CAD-DXF-E482F08AE6C23439/geometry/74,"{""confidence"": 0.91, ""evidence"": [""layer/name indicates wall: wall"", ""entity_type=LINE"", ""layer=WALLS""], ""label"": ""Wall"", ""method"": ""hybrid_rules"", ""state"": ""ACCEPT_WITH_WARNING""}","{""cad_entity_type"": ""LINE"", ""color"": 256, ""layer"": ""WALLS"", ""linetype"": ""BYLAYER"", ""lineweight"": -1, ""thickness"": 0}"
aec://project/AEC-2026-000004/wall/d3c9ae11-a55b-5535-8f76-fa600e17d4bd,AEC-2026-000004,Wall,aec://artifact/AEC-ART-AEC-2026-000004-CAD-DXF-E482F08AE6C23439/geometry/75,"{""confidence"": 0.91, ""evidence"": [""layer/name indicates wall: wall"", ""entity_type=LINE"", ""layer=WALLS""], ""label"": ""Wall"", ""method"": ""hybrid_rules"", ""state"": ""ACCEPT_WITH_WARNING""}","{""cad_entity_type"": ""LINE"", ""color"": 256, ""layer"": ""WALLS"", ""linetype"": ""BYLAYER"", ""lineweight"": -1, ""thickness"": 0}"
aec://project/AEC-2026-000004/wall/f8d5d0d0-39fc-5c9d-94d3-5477df5207eb,AEC-2026-000004,Wall,aec://artifact/AEC-ART-AEC-2026-000004-CAD-DXF-E482F08AE6C23439/geometry/76,"{""confidence"": 0.91, ""evidence"": [""layer/name indicates wall: wall"", ""entity_type=LINE"", ""layer=WALLS""], ""label"": ""Wall"", ""method"": ""hybrid_rules"", ""state"": ""ACCEPT_WITH_WARNING""}","{""cad_entity_type"": ""LINE"", ""color"": 256, ""layer"": ""WALLS"", ""linetype"": ""BYLAYER"", ""lineweight"": -1, ""thickness"": 0}"
aec://project/AEC-2026-000004/wall/00ba37ed-71a0-53da-a7e4-32f82639fee6,AEC-2026-000004,Wall,aec://artifact/AEC-ART-AEC-2026-000004-CAD-DXF-E482F08AE6C23439/geometry/77,"{""confidence"": 0.91, ""evidence"": [""layer/name indicates wall: wall"", ""entity_type=LINE"", ""layer=WALLS""], ""label"": ""Wall"", ""method"": ""hybrid_rules"", ""state"": ""ACCEPT_WITH_WARNING""}","{""cad_entity_type"": ""LINE"", ""color"": 256, ""layer"": ""WALLS"", ""linetype"": ""BYLAYER"", ""lineweight"": -1, ""thickness"": 0}"
aec://project/AEC-2026-000004/wall/053df567-1382-5133-8b2e-11d99d7e3e02,AEC-2026-000004,Wall,aec://artifact/AEC-ART-AEC-2026-000004-CAD-DXF-E482F08AE6C23439/geometry/78,"{""confidence"": 0.91, ""evidence"": [""layer/name indicates wall: wall"", ""entity_type=LINE"", ""layer=WALLS""], ""label"": ""Wall"", ""method"": ""hybrid_rules"", ""state"": ""ACCEPT_WITH_WARNING""}","{""cad_entity_type"": ""LINE"", ""color"": 256, ""layer"": ""WALLS"", ""linetype"": ""BYLAYER"", ""lineweight"": -1, ""thickness"": 0}"
aec://project/AEC-2026-000004/wall/dc0a561a-6919-51c6-a438-203316f402bb,AEC-2026-000004,Wall,aec://artifact/AEC-ART-AEC-2026-000004-CAD-DXF-E482F08AE6C23439/geometry/79,"{""confidence"": 0.91, ""evidence"": [""layer/name indicates wall: wall"", ""entity_type=LINE"", ""layer=WALLS""], ""label"": ""Wall"", ""method"": ""hybrid_rules"", ""state"": ""ACCEPT_WITH_WARNING""}","{""cad_entity_type"": ""LINE"", ""color"": 256, ""layer"": ""WALLS"", ""linetype"": ""BYLAYER"", ""lineweight"": -1, ""thickness"": 0}"
aec://project/AEC-2026-000004/wall/ad7ce31e-1e90-5860-babf-26be77e8519e,AEC-2026-000004,Wall,aec://artifact/AEC-ART-AEC-2026-000004-CAD-DXF-E482F08AE6C23439/geometry/7A,"{""confidence"": 0.91, ""evidence"": [""layer/name indicates wall: wall"", ""entity_type=LINE"", ""layer=WALLS""], ""label"": ""Wall"", ""method"": ""hybrid_rules"", ""state"": ""ACCEPT_WITH_WARNING""}","{""cad_entity_type"": ""LINE"", ""color"": 256, ""layer"": ""WALLS"", ""linetype"": ""BYLAYER"", ""lineweight"": -1, ""thickness"": 0}"
aec://project/AEC-2026-000004/wall/d47756e9-cff3-5ab2-beaf-2d79c40634a4,AEC-2026-000004,Wall,aec://artifact/AEC-ART-AEC-2026-000004-CAD-DXF-E482F08AE6C23439/geometry/7B,"{""confidence"": 0.91, ""evidence"": [""layer/name indicates wall: wall"", ""entity_type=LINE"", ""layer=WALLS""], ""label"": ""Wall"", ""method"": ""hybrid_rules"", ""state"": ""ACCEPT_WITH_WARNING""}","{""cad_entity_type"": ""LINE"", ""color"": 256, ""layer"": ""WALLS"", ""linetype"": ""BYLAYER"", ""lineweight"": -1, ""thickness"": 0}"
aec://project/AEC-2026-000004/wall/2bc9ec36-8b1c-5c9c-a6b8-1877008cf5d5,AEC-2026-000004,Wall,aec://artifact/AEC-ART-AEC-2026-000004-CAD-DXF-E482F08AE6C23439/geometry/7C,"{""confidence"": 0.91, ""evidence"": [""layer/name indicates wall: wall"", ""entity_type=LINE"", ""layer=WALLS""], ""label"": ""Wall"", ""method"": ""hybrid_rules"", ""state"": ""ACCEPT_WITH_WARNING""}","{""cad_entity_type"": ""LINE"", ""color"": 256, ""layer"": ""WALLS"", ""linetype"": ""BYLAYER"", ""lineweight"": -1, ""thickness"": 0}"
aec://project/AEC-2026-000004/wall/29a41816-331a-50b0-bf83-f4f9e29547cd,AEC-2026-000004,Wall,aec://artifact/AEC-ART-AEC-2026-000004-CAD-DXF-E482F08AE6C23439/geometry/7D,"{""confidence"": 0.91, ""evidence"": [""layer/name indicates wall: wall"", ""entity_type=LINE"", ""layer=WALLS""], ""label"": ""Wall"", ""method"": ""hybrid_rules"", ""state"": ""ACCEPT_WITH_WARNING""}","{""cad_entity_type"": ""LINE"", ""color"": 256, ""layer"": ""WALLS"", ""linetype"": ""BYLAYER"", ""lineweight"": -1, ""thickness"": 0}"
aec://project/AEC-2026-000004/wall/f7f9c29c-18ec-5773-ab1b-c44eb4a09a90,AEC-2026-000004,Wall,aec://artifact/AEC-ART-AEC-2026-000004-CAD-DXF-E482F08AE6C23439/geometry/7E,"{""confidence"": 0.91, ""evidence"": [""layer/name indicates wall: wall"", ""entity_type=LINE"", ""layer=WALLS""], ""label"": ""Wall"", ""method"": ""hybrid_rules"", ""state"": ""ACCEPT_WITH_WARNING""}","{""cad_entity_type"": ""LINE"", ""color"": 256, ""layer"": ""WALLS"", ""linetype"": ""BYLAYER"", ""lineweight"": -1, ""thickness"": 0}"
aec://project/AEC-2026-000004/wall/61435f0b-c034-501a-8adb-1a428264f3f7,AEC-2026-000004,Wall,aec://artifact/AEC-ART-AEC-2026-000004-CAD-DXF-E482F08AE6C23439/geometry/7F,"{""confidence"": 0.91, ""evidence"": [""layer/name indicates wall: wall"", ""entity_type=LINE"", ""layer=WALLS""], ""label"": ""Wall"", ""method"": ""hybrid_rules"", ""state"": ""ACCEPT_WITH_WARNING""}","{""cad_entity_type"": ""LINE"", ""color"": 256, ""layer"": ""WALLS"", ""linetype"": ""BYLAYER"", ""lineweight"": -1, ""thickness"": 0}"
aec://project/AEC-2026-000004/wall/0501807f-4c8e-5765-b76d-c9fb58c756c8,AEC-2026-000004,Wall,aec://artifact/AEC-ART-AEC-2026-000004-CAD-DXF-E482F08AE6C23439/geometry/80,"{""confidence"": 0.91, ""evidence"": [""layer/name indicates wall: wall"", ""entity_type=LINE"", ""layer=WALLS""], ""label"": ""Wall"", ""method"": ""hybrid_rules"", ""state"": ""ACCEPT_WITH_WARNING""}","{""cad_entity_type"": ""LINE"", ""color"": 256, ""layer"": ""WALLS"", ""linetype"": ""BYLAYER"", ""lineweight"": -1, ""thickness"": 0}"
aec://project/AEC-2026-000004/wall/d58ac203-1c8a-550d-87c2-4b2abe9aa8c7,AEC-2026-000004,Wall,aec://artifact/AEC-ART-AEC-2026-000004-CAD-DXF-E482F08AE6C23439/geometry/81,"{""confidence"": 0.91, ""evidence"": [""layer/name indicates wall: wall"", ""entity_type=LINE"", ""layer=WALLS""], ""label"": ""Wall"", ""method"": ""hybrid_rules"", ""state"": ""ACCEPT_WITH_WARNING""}","{""cad_entity_type"": ""LINE"", ""color"": 256, ""layer"": ""WALLS"", ""linetype"": ""BYLAYER"", ""lineweight"": -1, ""thickness"": 0}"
aec://project/AEC-2026-000004/window/93609757-7433-51b8-b711-f1587a47dfef,AEC-2026-000004,Window,aec://artifact/AEC-ART-AEC-2026-000004-CAD-DXF-E482F08AE6C23439/geometry/82,"{""confidence"": 0.9, ""evidence"": [""layer/name indicates window: window"", ""entity_type=LINE"", ""layer=WINDOWS""], ""label"": ""Window"", ""method"": ""hybrid_rules"", ""state"": ""ACCEPT_WITH_WARNING""}","{""cad_entity_type"": ""LINE"", ""color"": 256, ""layer"": ""WINDOWS"", ""linetype"": ""BYLAYER"", ""lineweight"": -1, ""thickness"": 0}"
aec://project/AEC-2026-000004/window/4b36dd95-780e-5e50-b995-59d0c50aaf8c,AEC-2026-000004,Window,aec://artifact/AEC-ART-AEC-2026-000004-CAD-DXF-E482F08AE6C23439/geometry/83,"{""confidence"": 0.9, ""evidence"": [""layer/name indicates window: window"", ""entity_type=LINE"", ""layer=WINDOWS""], ""label"": ""Window"", ""method"": ""hybrid_rules"", ""state"": ""ACCEPT_WITH_WARNING""}","{""cad_entity_type"": ""LINE"", ""color"": 256, ""layer"": ""WINDOWS"", ""linetype"": ""BYLAYER"", ""lineweight"": -1, ""thickness"": 0}"
aec://project/AEC-2026-000004/window/62a29db8-c192-5047-b975-c1b8932ca0b2,AEC-2026-000004,Window,aec://artifact/AEC-ART-AEC-2026-000004-CAD-DXF-E482F08AE6C23439/geometry/84,"{""confidence"": 0.9, ""evidence"": [""layer/name indicates window: window"", ""entity_type=LINE"", ""layer=WINDOWS""], ""label"": ""Window"", ""method"": ""hybrid_rules"", ""state"": ""ACCEPT_WITH_WARNING""}","{""cad_entity_type"": ""LINE"", ""color"": 256, ""layer"": ""WINDOWS"", ""linetype"": ""BYLAYER"", ""lineweight"": -1, ""thickness"": 0}"
aec://project/AEC-2026-000004/window/f44e401c-16dd-5b1c-b131-b9e0589a22b0,AEC-2026-000004,Window,aec://artifact/AEC-ART-AEC-2026-000004-CAD-DXF-E482F08AE6C23439/geometry/85,"{""confidence"": 0.9, ""evidence"": [""layer/name indicates window: window"", ""entity_type=LINE"", ""layer=WINDOWS""], ""label"": ""Window"", ""method"": ""hybrid_rules"", ""state"": ""ACCEPT_WITH_WARNING""}","{""cad_entity_type"": ""LINE"", ""color"": 256, ""layer"": ""WINDOWS"", ""linetype"": ""BYLAYER"", ""lineweight"": -1, ""thickness"": 0}"
aec://project/AEC-2026-000004/window/56ccb42b-7378-5a0c-b971-21a040208a30,AEC-2026-000004,Window,aec://artifact/AEC-ART-AEC-2026-000004-CAD-DXF-E482F08AE6C23439/geometry/86,"{""confidence"": 0.9, ""evidence"": [""layer/name indicates window: window"", ""entity_type=LINE"", ""layer=WINDOWS""], ""label"": ""Window"", ""method"": ""hybrid_rules"", ""state"": ""ACCEPT_WITH_WARNING""}","{""cad_entity_type"": ""LINE"", ""color"": 256, ""layer"": ""WINDOWS"", ""linetype"": ""BYLAYER"", ""lineweight"": -1, ""thickness"": 0}"
aec://project/AEC-2026-000004/window/ed0e29aa-b16e-5175-b374-8e4637927ff1,AEC-2026-000004,Window,aec://artifact/AEC-ART-AEC-2026-000004-CAD-DXF-E482F08AE6C23439/geometry/87,"{""confidence"": 0.9, ""evidence"": [""layer/name indicates window: window"", ""entity_type=LINE"", ""layer=WINDOWS""], ""label"": ""Window"", ""method"": ""hybrid_rules"", ""state"": ""ACCEPT_WITH_WARNING""}","{""cad_entity_type"": ""LINE"", ""color"": 256, ""layer"": ""WINDOWS"", ""linetype"": ""BYLAYER"", ""lineweight"": -1, ""thickness"": 0}"
aec://project/AEC-2026-000004/window/18d76df2-92a7-519b-b1bb-a3cf27d66a9d,AEC-2026-000004,Window,aec://artifact/AEC-ART-AEC-2026-000004-CAD-DXF-E482F08AE6C23439/geometry/88,"{""confidence"": 0.9, ""evidence"": [""layer/name indicates window: window"", ""entity_type=LINE"", ""layer=WINDOWS""], ""label"": ""Window"", ""method"": ""hybrid_rules"", ""state"": ""ACCEPT_WITH_WARNING""}","{""cad_entity_type"": ""LINE"", ""color"": 256, ""layer"": ""WINDOWS"", ""linetype"": ""BYLAYER"", ""lineweight"": -1, ""thickness"": 0}"
aec://project/AEC-2026-000004/window/31478cd9-c5d0-5958-91e0-30a64c290c3f,AEC-2026-000004,Window,aec://artifact/AEC-ART-AEC-2026-000004-CAD-DXF-E482F08AE6C23439/geometry/89,"{""confidence"": 0.9, ""evidence"": [""layer/name indicates window: window"", ""entity_type=LINE"", ""layer=WINDOWS""], ""label"": ""Window"", ""method"": ""hybrid_rules"", ""state"": ""ACCEPT_WITH_WARNING""}","{""cad_entity_type"": ""LINE"", ""color"": 256, ""layer"": ""WINDOWS"", ""linetype"": ""BYLAYER"", ""lineweight"": -1, ""thickness"": 0}"
aec://project/AEC-2026-000004/window/00a154c4-0581-52a1-89d6-3ab38b22b242,AEC-2026-000004,Window,aec://artifact/AEC-ART-AEC-2026-000004-CAD-DXF-E482F08AE6C23439/geometry/8A,"{""confidence"": 0.9, ""evidence"": [""layer/name indicates window: window"", ""entity_type=LINE"", ""layer=WINDOWS""], ""label"": ""Window"", ""method"": ""hybrid_rules"", ""state"": ""ACCEPT_WITH_WARNING""}","{""cad_entity_type"": ""LINE"", ""color"": 256, ""layer"": ""WINDOWS"", ""linetype"": ""BYLAYER"", ""lineweight"": -1, ""thickness"": 0}"
aec://project/AEC-2026-000004/window/7d346d1b-e6bc-5d4b-b323-fdf5a43dd5a7,AEC-2026-000004,Window,aec://artifact/AEC-ART-AEC-2026-000004-CAD-DXF-E482F08AE6C23439/geometry/8B,"{""confidence"": 0.9, ""evidence"": [""layer/name indicates window: window"", ""entity_type=LINE"", ""layer=WINDOWS""], ""label"": ""Window"", ""method"": ""hybrid_rules"", ""state"": ""ACCEPT_WITH_WARNING""}","{""cad_entity_type"": ""LINE"", ""color"": 256, ""layer"": ""WINDOWS"", ""linetype"": ""BYLAYER"", ""lineweight"": -1, ""thickness"": 0}"
aec://project/AEC-2026-000004/window/59d9a5bb-157d-579c-8fe2-6f28576af412,AEC-2026-000004,Window,aec://artifact/AEC-ART-AEC-2026-000004-CAD-DXF-E482F08AE6C23439/geometry/8C,"{""confidence"": 0.9, ""evidence"": [""layer/name indicates window: window"", ""entity_type=LINE"", ""layer=WINDOWS""], ""label"": ""Window"", ""method"": ""hybrid_rules"", ""state"": ""ACCEPT_WITH_WARNING""}","{""cad_entity_type"": ""LINE"", ""color"": 256, ""layer"": ""WINDOWS"", ""linetype"": ""BYLAYER"", ""lineweight"": -1, ""thickness"": 0}"
aec://project/AEC-2026-000004/window/77ead7c9-6dc6-5242-a7e2-e68453cd97a1,AEC-2026-000004,Window,aec://artifact/AEC-ART-AEC-2026-000004-CAD-DXF-E482F08AE6C23439/geometry/8D,"{""confidence"": 0.9, ""evidence"": [""layer/name indicates window: window"", ""entity_type=LINE"", ""layer=WINDOWS""], ""label"": ""Window"", ""method"": ""hybrid_rules"", ""state"": ""ACCEPT_WITH_WARNING""}","{""cad_entity_type"": ""LINE"", ""color"": 256, ""layer"": ""WINDOWS"", ""linetype"": ""BYLAYER"", ""lineweight"": -1, ""thickness"": 0}"
aec://project/AEC-2026-000004/window/d5d697ed-7b57-558e-8ca9-2e06db25ad33,AEC-2026-000004,Window,aec://artifact/AEC-ART-AEC-2026-000004-CAD-DXF-E482F08AE6C23439/geometry/8E,"{""confidence"": 0.9, ""evidence"": [""layer/name indicates window: window"", ""entity_type=LINE"", ""layer=WINDOWS""], ""label"": ""Window"", ""method"": ""hybrid_rules"", ""state"": ""ACCEPT_WITH_WARNING""}","{""cad_entity_type"": ""LINE"", ""color"": 256, ""layer"": ""WINDOWS"", ""linetype"": ""BYLAYER"", ""lineweight"": -1, ""thickness"": 0}"
aec://project/AEC-2026-000004/window/4fc6781d-71fc-5966-9676-1e552a3d94c7,AEC-2026-000004,Window,aec://artifact/AEC-ART-AEC-2026-000004-CAD-DXF-E482F08AE6C23439/geometry/8F,"{""confidence"": 0.9, ""evidence"": [""layer/name indicates window: window"", ""entity_type=LINE"", ""layer=WINDOWS""], ""label"": ""Window"", ""method"": ""hybrid_rules"", ""state"": ""ACCEPT_WITH_WARNING""}","{""cad_entity_type"": ""LINE"", ""color"": 256, ""layer"": ""WINDOWS"", ""linetype"": ""BYLAYER"", ""lineweight"": -1, ""thickness"": 0}"
aec://project/AEC-2026-000004/door/078e16e0-ec6b-5d9d-80a2-f73dd4c7e211,AEC-2026-000004,Door,aec://artifact/AEC-ART-AEC-2026-000004-CAD-DXF-E482F08AE6C23439/geometry/90,"{""confidence"": 0.9, ""evidence"": [""layer/name indicates door: door"", ""entity_type=LINE"", ""layer=DOORS""], ""label"": ""Door"", ""method"": ""hybrid_rules"", ""state"": ""ACCEPT_WITH_WARNING""}","{""cad_entity_type"": ""LINE"", ""color"": 256, ""layer"": ""DOORS"", ""linetype"": ""BYLAYER"", ""lineweight"": -1, ""thickness"": 0}"
aec://project/AEC-2026-000004/door/26f8966b-a8c1-5947-a250-f04f82fcd97a,AEC-2026-000004,Door,aec://artifact/AEC-ART-AEC-2026-000004-CAD-DXF-E482F08AE6C23439/geometry/91,"{""confidence"": 0.9, ""evidence"": [""layer/name indicates door: door"", ""entity_type=ARC"", ""layer=DOORS""], ""label"": ""Door"", ""method"": ""hybrid_rules"", ""state"": ""ACCEPT_WITH_WARNING""}","{""cad_entity_type"": ""ARC"", ""color"": 256, ""layer"": ""DOORS"", ""linetype"": ""BYLAYER"", ""lineweight"": -1, ""thickness"": 0}"
aec://project/AEC-2026-000004/door/8899fb8a-d51c-5272-abaf-4fe706673663,AEC-2026-000004,Door,aec://artifact/AEC-ART-AEC-2026-000004-CAD-DXF-E482F08AE6C23439/geometry/92,"{""confidence"": 0.9, ""evidence"": [""layer/name indicates door: door"", ""entity_type=LINE"", ""layer=DOORS""], ""label"": ""Door"", ""method"": ""hybrid_rules"", ""state"": ""ACCEPT_WITH_WARNING""}","{""cad_entity_type"": ""LINE"", ""color"": 256, ""layer"": ""DOORS"", ""linetype"": ""BYLAYER"", ""lineweight"": -1, ""thickness"": 0}"
aec://project/AEC-2026-000004/door/4aaceb2f-d491-58bd-bcac-be48276e1b27,AEC-2026-000004,Door,aec://artifact/AEC-ART-AEC-2026-000004-CAD-DXF-E482F08AE6C23439/geometry/93,"{""confidence"": 0.9, ""evidence"": [""layer/name indicates door: door"", ""entity_type=ARC"", ""layer=DOORS""], ""label"": ""Door"", ""method"": ""hybrid_rules"", ""state"": ""ACCEPT_WITH_WARNING""}","{""cad_entity_type"": ""ARC"", ""color"": 256, ""layer"": ""DOORS"", ""linetype"": ""BYLAYER"", ""lineweight"": -1, ""thickness"": 0}"
aec://project/AEC-2026-000004/door/401234c0-71d8-52ce-ab05-1e3a92a3ea7b,AEC-2026-000004,Door,aec://artifact/AEC-ART-AEC-2026-000004-CAD-DXF-E482F08AE6C23439/geometry/94,"{""confidence"": 0.9, ""evidence"": [""layer/name indicates door: door"", ""entity_type=LINE"", ""layer=DOORS""], ""label"": ""Door"", ""method"": ""hybrid_rules"", ""state"": ""ACCEPT_WITH_WARNING""}","{""cad_entity_type"": ""LINE"", ""color"": 256, ""layer"": ""DOORS"", ""linetype"": ""BYLAYER"", ""lineweight"": -1, ""thickness"": 0}"
aec://project/AEC-2026-000004/door/fc546015-706b-5e2f-9aef-f6198c60f73d,AEC-2026-000004,Door,aec://artifact/AEC-ART-AEC-2026-000004-CAD-DXF-E482F08AE6C23439/geometry/95,"{""confidence"": 0.9, ""evidence"": [""layer/name indicates door: door"", ""entity_type=ARC"", ""layer=DOORS""], ""label"": ""Door"", ""method"": ""hybrid_rules"", ""state"": ""ACCEPT_WITH_WARNING""}","{""cad_entity_type"": ""ARC"", ""color"": 256, ""layer"": ""DOORS"", ""linetype"": ""BYLAYER"", ""lineweight"": -1, ""thickness"": 0}"
aec://project/AEC-2026-000004/door/814123c5-2a56-58f9-8879-3008ab3ea1d3,AEC-2026-000004,Door,aec://artifact/AEC-ART-AEC-2026-000004-CAD-DXF-E482F08AE6C23439/geometry/96,"{""confidence"": 0.9, ""evidence"": [""layer/name indicates door: door"", ""entity_type=LINE"", ""layer=DOORS""], ""label"": ""Door"", ""method"": ""hybrid_rules"", ""state"": ""ACCEPT_WITH_WARNING""}","{""cad_entity_type"": ""LINE"", ""color"": 256, ""layer"": ""DOORS"", ""linetype"": ""BYLAYER"", ""lineweight"": -1, ""thickness"": 0}"
aec://project/AEC-2026-000004/door/369dd50e-5e6f-5a43-8773-afa0060d363a,AEC-2026-000004,Door,aec://artifact/AEC-ART-AEC-2026-000004-CAD-DXF-E482F08AE6C23439/geometry/97,"{""confidence"": 0.9, ""evidence"": [""layer/name indicates door: door"", ""entity_type=ARC"", ""layer=DOORS""], ""label"": ""Door"", ""method"": ""hybrid_rules"", ""state"": ""ACCEPT_WITH_WARNING""}","{""cad_entity_type"": ""ARC"", ""color"": 256, ""layer"": ""DOORS"", ""linetype"": ""BYLAYER"", ""lineweight"": -1, ""thickness"": 0}"
aec://project/AEC-2026-000004/door/10aa83a5-9b33-5d31-9d3d-f0726ba4462f,AEC-2026-000004,Door,aec://artifact/AEC-ART-AEC-2026-000004-CAD-DXF-E482F08AE6C23439/geometry/98,"{""confidence"": 0.9, ""evidence"": [""layer/name indicates door: door"", ""entity_type=LINE"", ""layer=DOORS""], ""label"": ""Door"", ""method"": ""hybrid_rules"", ""state"": ""ACCEPT_WITH_WARNING""}","{""cad_entity_type"": ""LINE"", ""color"": 256, ""layer"": ""DOORS"", ""linetype"": ""BYLAYER"", ""lineweight"": -1, ""thickness"": 0}"
aec://project/AEC-2026-000004/door/707c2c31-c6cb-52cf-b53e-8902b2a4ed2f,AEC-2026-000004,Door,aec://artifact/AEC-ART-AEC-2026-000004-CAD-DXF-E482F08AE6C23439/geometry/99,"{""confidence"": 0.9, ""evidence"": [""layer/name indicates door: door"", ""entity_type=ARC"", ""layer=DOORS""], ""label"": ""Door"", ""method"": ""hybrid_rules"", ""state"": ""ACCEPT_WITH_WARNING""}","{""cad_entity_type"": ""ARC"", ""color"": 256, ""layer"": ""DOORS"", ""linetype"": ""BYLAYER"", ""lineweight"": -1, ""thickness"": 0}"
aec://project/AEC-2026-000004/door/16e1b8e3-e66c-5128-80d6-1ad75c784edd,AEC-2026-000004,Door,aec://artifact/AEC-ART-AEC-2026-000004-CAD-DXF-E482F08AE6C23439/geometry/9A,"{""confidence"": 0.9, ""evidence"": [""layer/name indicates door: door"", ""entity_type=LINE"", ""layer=DOORS""], ""label"": ""Door"", ""method"": ""hybrid_rules"", ""state"": ""ACCEPT_WITH_WARNING""}","{""cad_entity_type"": ""LINE"", ""color"": 256, ""layer"": ""DOORS"", ""linetype"": ""BYLAYER"", ""lineweight"": -1, ""thickness"": 0}"
aec://project/AEC-2026-000004/door/babe5bd9-4bb9-5fd0-aa3b-008a3157ab21,AEC-2026-000004,Door,aec://artifact/AEC-ART-AEC-2026-000004-CAD-DXF-E482F08AE6C23439/geometry/9B,"{""confidence"": 0.9, ""evidence"": [""layer/name indicates door: door"", ""entity_type=ARC"", ""layer=DOORS""], ""label"": ""Door"", ""method"": ""hybrid_rules"", ""state"": ""ACCEPT_WITH_WARNING""}","{""cad_entity_type"": ""ARC"", ""color"": 256, ""layer"": ""DOORS"", ""linetype"": ""BYLAYER"", ""lineweight"": -1, ""thickness"": 0}"
aec://project/AEC-2026-000004/door/9b2bf533-f1a3-566e-a14b-c659bec5c41a,AEC-2026-000004,Door,aec://artifact/AEC-ART-AEC-2026-000004-CAD-DXF-E482F08AE6C23439/geometry/9C,"{""confidence"": 0.9, ""evidence"": [""layer/name indicates door: door"", ""entity_type=LINE"", ""layer=DOORS""], ""label"": ""Door"", ""method"": ""hybrid_rules"", ""state"": ""ACCEPT_WITH_WARNING""}","{""cad_entity_type"": ""LINE"", ""color"": 256, ""layer"": ""DOORS"", ""linetype"": ""BYLAYER"", ""lineweight"": -1, ""thickness"": 0}"
aec://project/AEC-2026-000004/door/aca57058-1871-55e0-9f61-4d0d6e4b498a,AEC-2026-000004,Door,aec://artifact/AEC-ART-AEC-2026-000004-CAD-DXF-E482F08AE6C23439/geometry/9D,"{""confidence"": 0.9, ""evidence"": [""layer/name indicates door: door"", ""entity_type=ARC"", ""layer=DOORS""], ""label"": ""Door"", ""method"": ""hybrid_rules"", ""state"": ""ACCEPT_WITH_WARNING""}","{""cad_entity_type"": ""ARC"", ""color"": 256, ""layer"": ""DOORS"", ""linetype"": ""BYLAYER"", ""lineweight"": -1, ""thickness"": 0}"
aec://project/AEC-2026-000004/annotation/bee858b1-c5a5-53a5-a71c-2523414fe381,AEC-2026-000004,Annotation,aec://artifact/AEC-ART-AEC-2026-000004-CAD-DXF-E482F08AE6C23439/geometry/9E,"{""confidence"": 0.78, ""evidence"": [""entity_type=text"", ""layer=TEXT""], ""label"": ""Annotation"", ""method"": ""entity_type_rule"", ""state"": ""ACCEPT_WITH_WARNING""}","{""cad_entity_type"": ""TEXT"", ""color"": 256, ""height"": 250.0, ""layer"": ""TEXT"", ""linetype"": ""BYLAYER"", ""lineweight"": -1, ""rotation"": 0.0, ""text"": ""LIVING / DINING / KITCHEN  37.0 m2"", ""thickness"": 0}"
aec://project/AEC-2026-000004/annotation/67579ac9-bb4e-5165-9aad-bee0bf73eb56,AEC-2026-000004,Annotation,aec://artifact/AEC-ART-AEC-2026-000004-CAD-DXF-E482F08AE6C23439/geometry/9F,"{""confidence"": 0.78, ""evidence"": [""entity_type=text"", ""layer=TEXT""], ""label"": ""Annotation"", ""method"": ""entity_type_rule"", ""state"": ""ACCEPT_WITH_WARNING""}","{""cad_entity_type"": ""TEXT"", ""color"": 256, ""height"": 220.0, ""layer"": ""TEXT"", ""linetype"": ""BYLAYER"", ""lineweight"": -1, ""rotation"": 0.0, ""text"": ""BEDROOM 1  11.0 m2"", ""thickness"": 0}"
aec://project/AEC-2026-000004/annotation/a59602df-1f5c-5492-9715-4d3da8f0d8c3,AEC-2026-000004,Annotation,aec://artifact/AEC-ART-AEC-2026-000004-CAD-DXF-E482F08AE6C23439/geometry/A0,"{""confidence"": 0.78, ""evidence"": [""entity_type=text"", ""layer=TEXT""], ""label"": ""Annotation"", ""method"": ""entity_type_rule"", ""state"": ""ACCEPT_WITH_WARNING""}","{""cad_entity_type"": ""TEXT"", ""color"": 256, ""height"": 220.0, ""layer"": ""TEXT"", ""linetype"": ""BYLAYER"", ""lineweight"": -1, ""rotation"": 0.0, ""text"": ""BEDROOM 2  9.9 m2"", ""thickness"": 0}"
aec://project/AEC-2026-000004/annotation/f739f326-2354-5bd6-986b-ad4bdef19f63,AEC-2026-000004,Annotation,aec://artifact/AEC-ART-AEC-2026-000004-CAD-DXF-E482F08AE6C23439/geometry/A1,"{""confidence"": 0.78, ""evidence"": [""entity_type=text"", ""layer=TEXT""], ""label"": ""Annotation"", ""method"": ""entity_type_rule"", ""state"": ""ACCEPT_WITH_WARNING""}","{""cad_entity_type"": ""TEXT"", ""color"": 256, ""height"": 220.0, ""layer"": ""TEXT"", ""linetype"": ""BYLAYER"", ""lineweight"": -1, ""rotation"": 0.0, ""text"": ""MASTER BEDROOM  14.2 m2"", ""thickness"": 0}"
aec://project/AEC-2026-000004/annotation/aab82238-a038-5613-9f83-e31ea4959933,AEC-2026-000004,Annotation,aec://artifact/AEC-ART-AEC-2026-000004-CAD-DXF-E482F08AE6C23439/geometry/A2,"{""confidence"": 0.78, ""evidence"": [""entity_type=text"", ""layer=TEXT""], ""label"": ""Annotation"", ""method"": ""entity_type_rule"", ""state"": ""ACCEPT_WITH_WARNING""}","{""cad_entity_type"": ""TEXT"", ""color"": 256, ""height"": 200.0, ""layer"": ""TEXT"", ""linetype"": ""BYLAYER"", ""lineweight"": -1, ""rotation"": 0.0, ""text"": ""BATH 1"", ""thickness"": 0}"
aec://project/AEC-2026-000004/annotation/2a37f9f4-9ba7-5571-aecf-3dca74282766,AEC-2026-000004,Annotation,aec://artifact/AEC-ART-AEC-2026-000004-CAD-DXF-E482F08AE6C23439/geometry/A3,"{""confidence"": 0.78, ""evidence"": [""entity_type=text"", ""layer=TEXT""], ""label"": ""Annotation"", ""method"": ""entity_type_rule"", ""state"": ""ACCEPT_WITH_WARNING""}","{""cad_entity_type"": ""TEXT"", ""color"": 256, ""height"": 200.0, ""layer"": ""TEXT"", ""linetype"": ""BYLAYER"", ""lineweight"": -1, ""rotation"": 0.0, ""text"": ""BATH 2"", ""thickness"": 0}"
aec://project/AEC-2026-000004/annotation/6ed1ac8f-b453-5595-95e6-2ec72ec4435f,AEC-2026-000004,Annotation,aec://artifact/AEC-ART-AEC-2026-000004-CAD-DXF-E482F08AE6C23439/geometry/A4,"{""confidence"": 0.78, ""evidence"": [""entity_type=text"", ""layer=TEXT""], ""label"": ""Annotation"", ""method"": ""entity_type_rule"", ""state"": ""ACCEPT_WITH_WARNING""}","{""cad_entity_type"": ""TEXT"", ""color"": 256, ""height"": 210.0, ""layer"": ""TEXT"", ""linetype"": ""BYLAYER"", ""lineweight"": -1, ""rotation"": 0.0, ""text"": ""ENTRY / UTILITY"", ""thickness"": 0}"
aec://project/AEC-2026-000004/annotation/1e18a868-fec0-5dae-b0f9-b2fccdff628a,AEC-2026-000004,Annotation,aec://artifact/AEC-ART-AEC-2026-000004-CAD-DXF-E482F08AE6C23439/geometry/A5,"{""confidence"": 0.78, ""evidence"": [""entity_type=text"", ""layer=TEXT""], ""label"": ""Annotation"", ""method"": ""entity_type_rule"", ""state"": ""ACCEPT_WITH_WARNING""}","{""cad_entity_type"": ""TEXT"", ""color"": 256, ""height"": 310.0, ""layer"": ""TEXT"", ""linetype"": ""BYLAYER"", ""lineweight"": -1, ""rotation"": 0.0, ""text"": ""30 PYEONG HOUSE PLAN / GROSS 99.0 m2"", ""thickness"": 0}"
aec://project/AEC-2026-000004/annotation/5db14edc-5088-5ee3-adb0-8c42d4275e19,AEC-2026-000004,Annotation,aec://artifact/AEC-ART-AEC-2026-000004-CAD-DXF-E482F08AE6C23439/geometry/A6,"{""confidence"": 0.78, ""evidence"": [""entity_type=text"", ""layer=TEXT""], ""label"": ""Annotation"", ""method"": ""entity_type_rule"", ""state"": ""ACCEPT_WITH_WARNING""}","{""cad_entity_type"": ""TEXT"", ""color"": 256, ""height"": 190.0, ""layer"": ""TEXT"", ""linetype"": ""BYLAYER"", ""lineweight"": -1, ""rotation"": 0.0, ""text"": ""MODEL 1:1  |  PLOT 1:100  |  UNITS: mm"", ""thickness"": 0}"
aec://project/AEC-2026-000004/cadentity/7139453d-82b1-5500-88fa-1e0e73424e5d,AEC-2026-000004,CADEntity,aec://artifact/AEC-ART-AEC-2026-000004-CAD-DXF-E482F08AE6C23439/geometry/A7,"{""confidence"": 0.35, ""evidence"": [""entity_type=LINE"", ""layer=DIMENSIONS""], ""label"": ""CADEntity"", ""method"": ""fallback"", ""state"": ""REQUIRE_VALIDATION""}","{""cad_entity_type"": ""LINE"", ""color"": 256, ""layer"": ""DIMENSIONS"", ""linetype"": ""BYLAYER"", ""lineweight"": -1, ""thickness"": 0}"
aec://project/AEC-2026-000004/cadentity/5d988a58-5058-55e9-84cf-646967da1702,AEC-2026-000004,CADEntity,aec://artifact/AEC-ART-AEC-2026-000004-CAD-DXF-E482F08AE6C23439/geometry/A8,"{""confidence"": 0.35, ""evidence"": [""entity_type=LINE"", ""layer=DIMENSIONS""], ""label"": ""CADEntity"", ""method"": ""fallback"", ""state"": ""REQUIRE_VALIDATION""}","{""cad_entity_type"": ""LINE"", ""color"": 256, ""layer"": ""DIMENSIONS"", ""linetype"": ""BYLAYER"", ""lineweight"": -1, ""thickness"": 0}"
aec://project/AEC-2026-000004/cadentity/92e929e4-25c9-53f1-bff3-9e9841d81b17,AEC-2026-000004,CADEntity,aec://artifact/AEC-ART-AEC-2026-000004-CAD-DXF-E482F08AE6C23439/geometry/A9,"{""confidence"": 0.35, ""evidence"": [""entity_type=LINE"", ""layer=DIMENSIONS""], ""label"": ""CADEntity"", ""method"": ""fallback"", ""state"": ""REQUIRE_VALIDATION""}","{""cad_entity_type"": ""LINE"", ""color"": 256, ""layer"": ""DIMENSIONS"", ""linetype"": ""BYLAYER"", ""lineweight"": -1, ""thickness"": 0}"
aec://project/AEC-2026-000004/cadentity/1cbab70f-b781-5015-909a-737285cd238d,AEC-2026-000004,CADEntity,aec://artifact/AEC-ART-AEC-2026-000004-CAD-DXF-E482F08AE6C23439/geometry/AA,"{""confidence"": 0.35, ""evidence"": [""entity_type=LINE"", ""layer=DIMENSIONS""], ""label"": ""CADEntity"", ""method"": ""fallback"", ""state"": ""REQUIRE_VALIDATION""}","{""cad_entity_type"": ""LINE"", ""color"": 256, ""layer"": ""DIMENSIONS"", ""linetype"": ""BYLAYER"", ""lineweight"": -1, ""thickness"": 0}"
aec://project/AEC-2026-000004/cadentity/e88c27ae-7460-5748-8622-6c4af48afea5,AEC-2026-000004,CADEntity,aec://artifact/AEC-ART-AEC-2026-000004-CAD-DXF-E482F08AE6C23439/geometry/AB,"{""confidence"": 0.35, ""evidence"": [""entity_type=LINE"", ""layer=DIMENSIONS""], ""label"": ""CADEntity"", ""method"": ""fallback"", ""state"": ""REQUIRE_VALIDATION""}","{""cad_entity_type"": ""LINE"", ""color"": 256, ""layer"": ""DIMENSIONS"", ""linetype"": ""BYLAYER"", ""lineweight"": -1, ""thickness"": 0}"
aec://project/AEC-2026-000004/cadentity/9fa285fd-617e-524d-9df2-99a114ec177b,AEC-2026-000004,CADEntity,aec://artifact/AEC-ART-AEC-2026-000004-CAD-DXF-E482F08AE6C23439/geometry/AC,"{""confidence"": 0.35, ""evidence"": [""entity_type=LINE"", ""layer=DIMENSIONS""], ""label"": ""CADEntity"", ""method"": ""fallback"", ""state"": ""REQUIRE_VALIDATION""}","{""cad_entity_type"": ""LINE"", ""color"": 256, ""layer"": ""DIMENSIONS"", ""linetype"": ""BYLAYER"", ""lineweight"": -1, ""thickness"": 0}"
aec://project/AEC-2026-000004/cadentity/89cbbc7d-9fe1-5024-a46b-9189ca2354dc,AEC-2026-000004,CADEntity,aec://artifact/AEC-ART-AEC-2026-000004-CAD-DXF-E482F08AE6C23439/geometry/AD,"{""confidence"": 0.35, ""evidence"": [""entity_type=LINE"", ""layer=DIMENSIONS""], ""label"": ""CADEntity"", ""method"": ""fallback"", ""state"": ""REQUIRE_VALIDATION""}","{""cad_entity_type"": ""LINE"", ""color"": 256, ""layer"": ""DIMENSIONS"", ""linetype"": ""BYLAYER"", ""lineweight"": -1, ""thickness"": 0}"
aec://project/AEC-2026-000004/cadentity/bb8790cf-8db9-58f3-aff0-fce46f42cb4b,AEC-2026-000004,CADEntity,aec://artifact/AEC-ART-AEC-2026-000004-CAD-DXF-E482F08AE6C23439/geometry/AE,"{""confidence"": 0.35, ""evidence"": [""entity_type=LINE"", ""layer=DIMENSIONS""], ""label"": ""CADEntity"", ""method"": ""fallback"", ""state"": ""REQUIRE_VALIDATION""}","{""cad_entity_type"": ""LINE"", ""color"": 256, ""layer"": ""DIMENSIONS"", ""linetype"": ""BYLAYER"", ""lineweight"": -1, ""thickness"": 0}"
aec://project/AEC-2026-000004/cadentity/8a4ebe93-c394-533d-8f90-d43c7128ab09,AEC-2026-000004,CADEntity,aec://artifact/AEC-ART-AEC-2026-000004-CAD-DXF-E482F08AE6C23439/geometry/AF,"{""confidence"": 0.35, ""evidence"": [""entity_type=LINE"", ""layer=DIMENSIONS""], ""label"": ""CADEntity"", ""method"": ""fallback"", ""state"": ""REQUIRE_VALIDATION""}","{""cad_entity_type"": ""LINE"", ""color"": 256, ""layer"": ""DIMENSIONS"", ""linetype"": ""BYLAYER"", ""lineweight"": -1, ""thickness"": 0}"
aec://project/AEC-2026-000004/cadentity/5256dc1b-78c5-534d-997d-48874fc178d4,AEC-2026-000004,CADEntity,aec://artifact/AEC-ART-AEC-2026-000004-CAD-DXF-E482F08AE6C23439/geometry/B0,"{""confidence"": 0.35, ""evidence"": [""entity_type=LINE"", ""layer=DIMENSIONS""], ""label"": ""CADEntity"", ""method"": ""fallback"", ""state"": ""REQUIRE_VALIDATION""}","{""cad_entity_type"": ""LINE"", ""color"": 256, ""layer"": ""DIMENSIONS"", ""linetype"": ""BYLAYER"", ""lineweight"": -1, ""thickness"": 0}"
aec://project/AEC-2026-000004/annotation/2be7d31d-060a-59b5-b00a-b1dbb5f7c5b4,AEC-2026-000004,Annotation,aec://artifact/AEC-ART-AEC-2026-000004-CAD-DXF-E482F08AE6C23439/geometry/B1,"{""confidence"": 0.78, ""evidence"": [""entity_type=text"", ""layer=DIMENSIONS""], ""label"": ""Annotation"", ""method"": ""entity_type_rule"", ""state"": ""ACCEPT_WITH_WARNING""}","{""cad_entity_type"": ""TEXT"", ""color"": 256, ""height"": 250.0, ""layer"": ""DIMENSIONS"", ""linetype"": ""BYLAYER"", ""lineweight"": -1, ""rotation"": 0.0, ""text"": ""11000"", ""thickness"": 0}"
aec://project/AEC-2026-000004/annotation/3ee13399-ce24-5274-b27c-014f3efb602a,AEC-2026-000004,Annotation,aec://artifact/AEC-ART-AEC-2026-000004-CAD-DXF-E482F08AE6C23439/geometry/B2,"{""confidence"": 0.78, ""evidence"": [""entity_type=text"", ""layer=DIMENSIONS""], ""label"": ""Annotation"", ""method"": ""entity_type_rule"", ""state"": ""ACCEPT_WITH_WARNING""}","{""cad_entity_type"": ""TEXT"", ""color"": 256, ""height"": 250.0, ""layer"": ""DIMENSIONS"", ""linetype"": ""BYLAYER"", ""lineweight"": -1, ""rotation"": 0.0, ""text"": ""9000"", ""thickness"": 0}"
aec://project/AEC-2026-000004/cadentity/47d06bf9-a14c-5645-85f4-1717faa8453e,AEC-2026-000004,CADEntity,aec://artifact/AEC-ART-AEC-2026-000004-CAD-DXF-E482F08AE6C23439/geometry/B3,"{""confidence"": 0.35, ""evidence"": [""entity_type=LINE"", ""layer=SYMBOLS""], ""label"": ""CADEntity"", ""method"": ""fallback"", ""state"": ""REQUIRE_VALIDATION""}","{""cad_entity_type"": ""LINE"", ""color"": 256, ""layer"": ""SYMBOLS"", ""linetype"": ""BYLAYER"", ""lineweight"": -1, ""thickness"": 0}"
aec://project/AEC-2026-000004/cadentity/20fbc4a7-a956-59c6-a4ed-43c0adcb5a91,AEC-2026-000004,CADEntity,aec://artifact/AEC-ART-AEC-2026-000004-CAD-DXF-E482F08AE6C23439/geometry/B4,"{""confidence"": 0.35, ""evidence"": [""entity_type=LINE"", ""layer=SYMBOLS""], ""label"": ""CADEntity"", ""method"": ""fallback"", ""state"": ""REQUIRE_VALIDATION""}","{""cad_entity_type"": ""LINE"", ""color"": 256, ""layer"": ""SYMBOLS"", ""linetype"": ""BYLAYER"", ""lineweight"": -1, ""thickness"": 0}"
aec://project/AEC-2026-000004/cadentity/201ff854-4f3a-58cb-ac50-28c5ceb1baad,AEC-2026-000004,CADEntity,aec://artifact/AEC-ART-AEC-2026-000004-CAD-DXF-E482F08AE6C23439/geometry/B5,"{""confidence"": 0.35, ""evidence"": [""entity_type=LINE"", ""layer=SYMBOLS""], ""label"": ""CADEntity"", ""method"": ""fallback"", ""state"": ""REQUIRE_VALIDATION""}","{""cad_entity_type"": ""LINE"", ""color"": 256, ""layer"": ""SYMBOLS"", ""linetype"": ""BYLAYER"", ""lineweight"": -1, ""thickness"": 0}"
aec://project/AEC-2026-000004/annotation/8b83a13a-1f6c-55da-8960-4266d2087fb3,AEC-2026-000004,Annotation,aec://artifact/AEC-ART-AEC-2026-000004-CAD-DXF-E482F08AE6C23439/geometry/B6,"{""confidence"": 0.78, ""evidence"": [""entity_type=text"", ""layer=TEXT""], ""label"": ""Annotation"", ""method"": ""entity_type_rule"", ""state"": ""ACCEPT_WITH_WARNING""}","{""cad_entity_type"": ""TEXT"", ""color"": 256, ""height"": 250.0, ""layer"": ""TEXT"", ""linetype"": ""BYLAYER"", ""lineweight"": -1, ""rotation"": 0.0, ""text"": ""N"", ""thickness"": 0}"
